CREATE DATABASE IF NOT EXISTS qlidienthoai
CHARACTER SET utf8mb4
COLLATE utf8mb4_unicode_ci;

USE qlidienthoai;

-- MySQL dump 10.13  Distrib 8.0.45, for Win64 (x86_64)
--
-- Host: autorack.proxy.rlwy.net    Database: QLiDienThoai
-- ------------------------------------------------------
-- Server version	9.4.0

/*!40101 SET @OLD_CHARACTER_SET_CLIENT=@@CHARACTER_SET_CLIENT */;
/*!40101 SET @OLD_CHARACTER_SET_RESULTS=@@CHARACTER_SET_RESULTS */;
/*!40101 SET @OLD_COLLATION_CONNECTION=@@COLLATION_CONNECTION */;
/*!50503 SET NAMES utf8 */;
/*!40103 SET @OLD_TIME_ZONE=@@TIME_ZONE */;
/*!40103 SET TIME_ZONE='+00:00' */;
/*!40014 SET @OLD_UNIQUE_CHECKS=@@UNIQUE_CHECKS, UNIQUE_CHECKS=0 */;
/*!40014 SET @OLD_FOREIGN_KEY_CHECKS=@@FOREIGN_KEY_CHECKS, FOREIGN_KEY_CHECKS=0 */;
/*!40101 SET @OLD_SQL_MODE=@@SQL_MODE, SQL_MODE='NO_AUTO_VALUE_ON_ZERO' */;
/*!40111 SET @OLD_SQL_NOTES=@@SQL_NOTES, SQL_NOTES=0 */;

--
-- Table structure for table `Brand`
--

DROP TABLE IF EXISTS `Brand`;
/*!40101 SET @saved_cs_client     = @@character_set_client */;
/*!50503 SET character_set_client = utf8mb4 */;
CREATE TABLE `Brand` (
  `BrandID` int NOT NULL AUTO_INCREMENT,
  `Name` varchar(100) COLLATE utf8mb4_unicode_ci NOT NULL,
  PRIMARY KEY (`BrandID`)
) ENGINE=InnoDB AUTO_INCREMENT=14 DEFAULT CHARSET=utf8mb4 COLLATE=utf8mb4_unicode_ci;
/*!40101 SET character_set_client = @saved_cs_client */;

--
-- Dumping data for table `Brand`
--

LOCK TABLES `Brand` WRITE;
/*!40000 ALTER TABLE `Brand` DISABLE KEYS */;
INSERT INTO `Brand` VALUES (1,'Samsung'),(2,'Apple'),(3,'Xiaomi'),(4,'Oppo'),(5,'Huawei'),(6,'Realme'),(7,'Honor'),(8,'Nokia'),(9,'Nothing Phone'),(10,'Sony'),(11,'Nubia'),(12,'Tecno'),(13,'Itel');
/*!40000 ALTER TABLE `Brand` ENABLE KEYS */;
UNLOCK TABLES;

--
-- Table structure for table `Cart`
--

DROP TABLE IF EXISTS `Cart`;
/*!40101 SET @saved_cs_client     = @@character_set_client */;
/*!50503 SET character_set_client = utf8mb4 */;
CREATE TABLE `Cart` (
  `CartID` int NOT NULL AUTO_INCREMENT,
  `UserID` int NOT NULL,
  `CreatedDate` datetime DEFAULT CURRENT_TIMESTAMP,
  PRIMARY KEY (`CartID`),
  KEY `fk_Cart_UserID_1` (`UserID`),
  CONSTRAINT `fk_Cart_UserID_1` FOREIGN KEY (`UserID`) REFERENCES `User` (`UserID`)
) ENGINE=InnoDB AUTO_INCREMENT=13 DEFAULT CHARSET=utf8mb4 COLLATE=utf8mb4_unicode_ci;
/*!40101 SET character_set_client = @saved_cs_client */;

--
-- Dumping data for table `Cart`
--

LOCK TABLES `Cart` WRITE;
/*!40000 ALTER TABLE `Cart` DISABLE KEYS */;
INSERT INTO `Cart` VALUES (1,10,'2026-05-12 22:04:32'),(2,14,'2026-05-13 00:19:47'),(3,2,'2026-05-13 21:52:06'),(4,4,'2026-05-15 21:15:23'),(5,15,'2026-05-16 20:14:16'),(6,16,'2026-05-16 20:32:11'),(7,22,'2026-05-19 01:15:44'),(8,23,'2026-05-20 00:09:07'),(9,24,'2026-05-20 10:15:18'),(10,25,'2026-05-20 10:25:35'),(11,26,'2026-05-21 19:04:47'),(12,27,'2026-05-22 11:43:51');
/*!40000 ALTER TABLE `Cart` ENABLE KEYS */;
UNLOCK TABLES;

--
-- Table structure for table `CartItem`
--

DROP TABLE IF EXISTS `CartItem`;
/*!40101 SET @saved_cs_client     = @@character_set_client */;
/*!50503 SET character_set_client = utf8mb4 */;
CREATE TABLE `CartItem` (
  `CartItemID` int NOT NULL AUTO_INCREMENT,
  `CartID` int NOT NULL,
  `ProductID` int NOT NULL,
  `Quantity` int NOT NULL,
  PRIMARY KEY (`CartItemID`),
  KEY `fk_CartItem_CartID_2` (`CartID`),
  KEY `fk_CartItem_ProductID_3` (`ProductID`),
  CONSTRAINT `fk_CartItem_CartID_2` FOREIGN KEY (`CartID`) REFERENCES `Cart` (`CartID`),
  CONSTRAINT `fk_CartItem_ProductID_3` FOREIGN KEY (`ProductID`) REFERENCES `Product` (`ProductID`)
) ENGINE=InnoDB AUTO_INCREMENT=44 DEFAULT CHARSET=utf8mb4 COLLATE=utf8mb4_unicode_ci;
/*!40101 SET character_set_client = @saved_cs_client */;

--
-- Dumping data for table `CartItem`
--

LOCK TABLES `CartItem` WRITE;
/*!40000 ALTER TABLE `CartItem` DISABLE KEYS */;
INSERT INTO `CartItem` VALUES (37,1,42,1),(38,3,102,1);
/*!40000 ALTER TABLE `CartItem` ENABLE KEYS */;
UNLOCK TABLES;

--
-- Table structure for table `Category`
--

DROP TABLE IF EXISTS `Category`;
/*!40101 SET @saved_cs_client     = @@character_set_client */;
/*!50503 SET character_set_client = utf8mb4 */;
CREATE TABLE `Category` (
  `CategoryID` int NOT NULL AUTO_INCREMENT,
  `Name` varchar(100) COLLATE utf8mb4_unicode_ci NOT NULL,
  PRIMARY KEY (`CategoryID`)
) ENGINE=InnoDB AUTO_INCREMENT=2 DEFAULT CHARSET=utf8mb4 COLLATE=utf8mb4_unicode_ci;
/*!40101 SET character_set_client = @saved_cs_client */;

--
-- Dumping data for table `Category`
--

LOCK TABLES `Category` WRITE;
/*!40000 ALTER TABLE `Category` DISABLE KEYS */;
INSERT INTO `Category` VALUES (1,'Điện thoại');
/*!40000 ALTER TABLE `Category` ENABLE KEYS */;
UNLOCK TABLES;

--
-- Table structure for table `Feedback`
--

DROP TABLE IF EXISTS `Feedback`;
/*!40101 SET @saved_cs_client     = @@character_set_client */;
/*!50503 SET character_set_client = utf8mb4 */;
CREATE TABLE `Feedback` (
  `FeedbackID` int NOT NULL AUTO_INCREMENT,
  `UserID` int NOT NULL,
  `ProductID` int NOT NULL,
  `Rating` int NOT NULL,
  `Comment` varchar(500) COLLATE utf8mb4_unicode_ci DEFAULT NULL,
  `CreatedDate` datetime DEFAULT CURRENT_TIMESTAMP,
  PRIMARY KEY (`FeedbackID`),
  KEY `fk_Feedback_ProductID_4` (`ProductID`),
  KEY `fk_Feedback_UserID_5` (`UserID`),
  CONSTRAINT `fk_Feedback_ProductID_4` FOREIGN KEY (`ProductID`) REFERENCES `Product` (`ProductID`),
  CONSTRAINT `fk_Feedback_UserID_5` FOREIGN KEY (`UserID`) REFERENCES `User` (`UserID`)
) ENGINE=InnoDB AUTO_INCREMENT=11 DEFAULT CHARSET=utf8mb4 COLLATE=utf8mb4_unicode_ci;
/*!40101 SET character_set_client = @saved_cs_client */;

--
-- Dumping data for table `Feedback`
--

LOCK TABLES `Feedback` WRITE;
/*!40000 ALTER TABLE `Feedback` DISABLE KEYS */;
INSERT INTO `Feedback` VALUES (3,10,102,5,'Sản phẩm siêu tốt,ngon giá ổn.Shop nhiệt tình nhân viên đẹp trai.Iu','2026-05-13 23:07:30'),(5,10,309,5,'Admin đẹp trai vãi','2026-05-15 20:49:16'),(6,10,5,5,'Admin đẹp trai vãi','2026-05-18 23:12:39'),(7,14,102,5,'Sản phẩm tốt,giao hàng nhanh','2026-05-20 06:56:05'),(9,24,102,5,'rất tốt','2026-05-20 17:17:03'),(10,25,42,5,'Admin đẹp trai','2026-05-21 17:18:35');
/*!40000 ALTER TABLE `Feedback` ENABLE KEYS */;
UNLOCK TABLES;

--
-- Table structure for table `Import`
--

DROP TABLE IF EXISTS `Import`;
/*!40101 SET @saved_cs_client     = @@character_set_client */;
/*!50503 SET character_set_client = utf8mb4 */;
CREATE TABLE `Import` (
  `ImportID` int NOT NULL AUTO_INCREMENT,
  `SupplierID` int NOT NULL,
  `CreatedDate` datetime NOT NULL DEFAULT CURRENT_TIMESTAMP,
  `TotalAmount` decimal(18,0) NOT NULL,
  `Note` varchar(255) COLLATE utf8mb4_unicode_ci DEFAULT NULL,
  `Status` varchar(20) COLLATE utf8mb4_unicode_ci NOT NULL DEFAULT 'COMPLETED',
  PRIMARY KEY (`ImportID`),
  KEY `fk_Import_SupplierID_6` (`SupplierID`),
  CONSTRAINT `fk_Import_SupplierID_6` FOREIGN KEY (`SupplierID`) REFERENCES `Supplier` (`SupplierID`)
) ENGINE=InnoDB AUTO_INCREMENT=9 DEFAULT CHARSET=utf8mb4 COLLATE=utf8mb4_unicode_ci;
/*!40101 SET character_set_client = @saved_cs_client */;

--
-- Dumping data for table `Import`
--

LOCK TABLES `Import` WRITE;
/*!40000 ALTER TABLE `Import` DISABLE KEYS */;
INSERT INTO `Import` VALUES (1,1,'2026-05-15 16:51:52',180000000,'Nhập hàng test lần 1','CANCELLED'),(2,5,'2026-05-15 16:54:16',36000000,'Nhập hàng test lần 1','COMPLETED'),(3,5,'2026-05-15 16:58:15',18000000,'Nhập hàng test lần 1','CANCELLED'),(4,1,'2026-05-15 16:59:23',39000000,'Nhập nhiều sản phẩm','COMPLETED'),(5,1,'2026-05-15 17:00:03',151000000,'Nhập nhiều sản phẩm','COMPLETED'),(6,1,'2026-05-15 17:48:25',30000000,NULL,'COMPLETED'),(7,2,'2026-05-18 22:25:03',20000000,'Nhập thật fast','CANCELLED'),(8,1,'2026-05-19 01:35:13',20000000,NULL,'CANCELLED');
/*!40000 ALTER TABLE `Import` ENABLE KEYS */;
UNLOCK TABLES;

--
-- Table structure for table `ImportDetail`
--

DROP TABLE IF EXISTS `ImportDetail`;
/*!40101 SET @saved_cs_client     = @@character_set_client */;
/*!50503 SET character_set_client = utf8mb4 */;
CREATE TABLE `ImportDetail` (
  `ImportDetailID` int NOT NULL AUTO_INCREMENT,
  `ImportID` int NOT NULL,
  `ProductID` int NOT NULL,
  `Quantity` int NOT NULL,
  `ImportPrice` decimal(18,0) NOT NULL,
  `SubTotal` decimal(18,0) GENERATED ALWAYS AS ((`Quantity` * `ImportPrice`)) STORED,
  PRIMARY KEY (`ImportDetailID`),
  KEY `fk_ImportDetail_ImportID_7` (`ImportID`),
  KEY `fk_ImportDetail_ProductID_8` (`ProductID`),
  CONSTRAINT `fk_ImportDetail_ImportID_7` FOREIGN KEY (`ImportID`) REFERENCES `Import` (`ImportID`),
  CONSTRAINT `fk_ImportDetail_ProductID_8` FOREIGN KEY (`ProductID`) REFERENCES `Product` (`ProductID`)
) ENGINE=InnoDB AUTO_INCREMENT=11 DEFAULT CHARSET=utf8mb4 COLLATE=utf8mb4_unicode_ci;
/*!40101 SET character_set_client = @saved_cs_client */;

--
-- Dumping data for table `ImportDetail`
--

LOCK TABLES `ImportDetail` WRITE;
/*!40000 ALTER TABLE `ImportDetail` DISABLE KEYS */;
INSERT INTO `ImportDetail` (`ImportDetailID`, `ImportID`, `ProductID`, `Quantity`, `ImportPrice`) VALUES (1,1,1,10,18000000),(2,2,2,2,18000000),(3,3,2,1,18000000),(4,4,1,1,17000000),(5,4,2,1,22000000),(6,5,1,5,17000000),(7,5,2,3,22000000),(8,6,412,1,30000000),(9,7,412,1,20000000),(10,8,417,1,20000000);
/*!40000 ALTER TABLE `ImportDetail` ENABLE KEYS */;
UNLOCK TABLES;

--
-- Table structure for table `MembershipHistory`
--

DROP TABLE IF EXISTS `MembershipHistory`;
/*!40101 SET @saved_cs_client     = @@character_set_client */;
/*!50503 SET character_set_client = utf8mb4 */;
CREATE TABLE `MembershipHistory` (
  `HistoryID` int NOT NULL AUTO_INCREMENT,
  `UserID` int NOT NULL,
  `FromLevelID` int DEFAULT NULL,
  `ToLevelID` int NOT NULL,
  `UpdatedAt` datetime NOT NULL DEFAULT CURRENT_TIMESTAMP,
  PRIMARY KEY (`HistoryID`),
  KEY `FK_MembershipHistory_FromLevel` (`FromLevelID`),
  KEY `FK_MembershipHistory_ToLevel` (`ToLevelID`),
  KEY `FK_MembershipHistory_User` (`UserID`),
  CONSTRAINT `FK_MembershipHistory_FromLevel` FOREIGN KEY (`FromLevelID`) REFERENCES `MembershipLevel` (`LevelID`),
  CONSTRAINT `FK_MembershipHistory_ToLevel` FOREIGN KEY (`ToLevelID`) REFERENCES `MembershipLevel` (`LevelID`),
  CONSTRAINT `FK_MembershipHistory_User` FOREIGN KEY (`UserID`) REFERENCES `User` (`UserID`)
) ENGINE=InnoDB AUTO_INCREMENT=2 DEFAULT CHARSET=utf8mb4 COLLATE=utf8mb4_unicode_ci;
/*!40101 SET character_set_client = @saved_cs_client */;

--
-- Dumping data for table `MembershipHistory`
--

LOCK TABLES `MembershipHistory` WRITE;
/*!40000 ALTER TABLE `MembershipHistory` DISABLE KEYS */;
INSERT INTO `MembershipHistory` VALUES (1,24,1,2,'2026-05-20 10:22:21');
/*!40000 ALTER TABLE `MembershipHistory` ENABLE KEYS */;
UNLOCK TABLES;

--
-- Table structure for table `MembershipLevel`
--

DROP TABLE IF EXISTS `MembershipLevel`;
/*!40101 SET @saved_cs_client     = @@character_set_client */;
/*!50503 SET character_set_client = utf8mb4 */;
CREATE TABLE `MembershipLevel` (
  `LevelID` int NOT NULL AUTO_INCREMENT,
  `LevelName` varchar(50) COLLATE utf8mb4_unicode_ci NOT NULL,
  `DiscountPercent` decimal(5,2) DEFAULT NULL,
  `MinSpent` decimal(18,2) NOT NULL DEFAULT '0.00',
  `IsDefault` tinyint(1) NOT NULL DEFAULT '0',
  `IsDeleted` tinyint(1) NOT NULL DEFAULT '0',
  PRIMARY KEY (`LevelID`)
) ENGINE=InnoDB AUTO_INCREMENT=11 DEFAULT CHARSET=utf8mb4 COLLATE=utf8mb4_unicode_ci;
/*!40101 SET character_set_client = @saved_cs_client */;

--
-- Dumping data for table `MembershipLevel`
--

LOCK TABLES `MembershipLevel` WRITE;
/*!40000 ALTER TABLE `MembershipLevel` DISABLE KEYS */;
INSERT INTO `MembershipLevel` VALUES (1,'Đồng',0.00,0.00,1,0),(2,'Bạc',3.00,20000000.00,1,0),(3,'Vàng',5.00,50000000.00,1,0),(4,'Kim Cương',10.00,60000000.00,1,0),(9,'Obsidian_deleted_9',30.00,100000000.00,0,1),(10,'Ruby',30.00,100000000.00,0,0);
/*!40000 ALTER TABLE `MembershipLevel` ENABLE KEYS */;
UNLOCK TABLES;

--
-- Table structure for table `Notification`
--

DROP TABLE IF EXISTS `Notification`;
/*!40101 SET @saved_cs_client     = @@character_set_client */;
/*!50503 SET character_set_client = utf8mb4 */;
CREATE TABLE `Notification` (
  `NotificationID` int NOT NULL AUTO_INCREMENT,
  `UserID` int DEFAULT NULL,
  `RoleTarget` varchar(20) COLLATE utf8mb4_unicode_ci DEFAULT NULL,
  `Title` varchar(255) COLLATE utf8mb4_unicode_ci NOT NULL,
  `Message` varchar(500) COLLATE utf8mb4_unicode_ci NOT NULL,
  `Type` varchar(50) COLLATE utf8mb4_unicode_ci NOT NULL,
  `RelatedOrderID` int DEFAULT NULL,
  `IsRead` tinyint(1) NOT NULL DEFAULT '0',
  `CreatedDate` datetime(6) NOT NULL DEFAULT CURRENT_TIMESTAMP(6),
  PRIMARY KEY (`NotificationID`)
) ENGINE=InnoDB AUTO_INCREMENT=39 DEFAULT CHARSET=utf8mb4 COLLATE=utf8mb4_unicode_ci;
/*!40101 SET character_set_client = @saved_cs_client */;

--
-- Dumping data for table `Notification`
--

LOCK TABLES `Notification` WRITE;
/*!40000 ALTER TABLE `Notification` DISABLE KEYS */;
INSERT INTO `Notification` VALUES (1,NULL,'ADMIN','Có đơn hàng mới','Khách hàng Nguyễn Văn A vừa đặt đơn hàng OD1779015701650','NEW_ORDER',26,1,'2026-05-17 18:01:41.740925'),(2,2,NULL,'Đơn hàng đã được xác nhận','Đơn hàng OD1779015701650 của bạn đã được admin xác nhận.','ORDER_CONFIRMED',26,1,'2026-05-17 18:04:10.427646'),(3,2,NULL,'Đơn hàng đang được giao','Đơn hàng OD1779015701650 đang được giao đến bạn.','ORDER_SHIPPING',26,0,'2026-05-17 18:05:14.010651'),(4,2,NULL,'Đơn hàng đã bị hủy','Đơn hàng OD1779015701650 đã bị hủy.','ORDER_CANCELLED',26,0,'2026-05-17 18:05:30.724194'),(5,NULL,'ADMIN','Có đơn hàng mới','Khách hàng KhiemNgu vừa đặt đơn hàng OD1779016546776','NEW_ORDER',27,1,'2026-05-17 18:15:46.873085'),(6,NULL,'ADMIN','Có đơn hàng mới','Khách hàng KhiemNgu vừa đặt đơn hàng OD1779016569953','NEW_ORDER',28,1,'2026-05-17 18:16:09.983468'),(7,10,NULL,'Đơn hàng đã được xác nhận','Đơn hàng OD1779016569953 của bạn đã được admin xác nhận.','ORDER_CONFIRMED',28,1,'2026-05-17 18:17:06.191051'),(8,10,NULL,'Đơn hàng đang được giao','Đơn hàng OD1779016569953 đang được giao đến bạn.','ORDER_SHIPPING',28,1,'2026-05-17 18:17:35.279215'),(9,10,NULL,'Giao hàng thành công','Đơn hàng OD1779016569953 đã được giao thành công.','ORDER_DELIVERED',28,1,'2026-05-17 18:17:59.675053'),(10,NULL,'ADMIN','Có đơn hàng mới','Khách hàng KhiemNgu vừa đặt đơn hàng OD1779016703538','NEW_ORDER',29,1,'2026-05-17 18:18:23.595998'),(11,10,NULL,'Đơn hàng đã được xác nhận','Đơn hàng OD1779016703538 của bạn đã được admin xác nhận.','ORDER_CONFIRMED',29,1,'2026-05-17 18:19:04.683280'),(12,10,NULL,'Đơn hàng đang được giao','Đơn hàng OD1779016703538 đang được giao đến bạn.','ORDER_SHIPPING',29,1,'2026-05-17 18:19:22.885624'),(13,10,NULL,'Đơn hàng đã bị hủy','Đơn hàng OD1779016703538 đã bị hủy.','ORDER_CANCELLED',29,1,'2026-05-17 18:19:28.862765'),(14,2,NULL,'Đơn hàng đã bị hủy','Đơn hàng OD1778949681876 đã bị hủy.','ORDER_CANCELLED',23,0,'2026-05-17 20:12:22.894308'),(15,16,NULL,'Đơn hàng đang được giao','Đơn hàng OD1778941353892 đang được giao đến bạn.','ORDER_SHIPPING',18,0,'2026-05-18 23:23:00.335399'),(16,NULL,'ADMIN','Có đơn hàng mới','Khách hàng Lữ Quang Minh  vừa đặt đơn hàng OD1779122569846','NEW_ORDER',30,0,'2026-05-18 23:42:49.933012'),(17,NULL,'ADMIN','Có đơn hàng mới','Khách hàng Lữ Quang Minh  vừa đặt đơn hàng OD1779129340594','NEW_ORDER',31,0,'2026-05-19 01:35:40.671242'),(18,2,NULL,'Đơn hàng đã bị hủy','Đơn hàng OD1779129340594 đã bị hủy.','ORDER_CANCELLED',31,0,'2026-05-19 01:36:18.175403'),(19,16,NULL,'Giao hàng thành công','Đơn hàng OD1778941353892 đã được giao thành công.','ORDER_DELIVERED',18,0,'2026-05-19 01:38:44.384110'),(20,2,NULL,'Đơn hàng đang được giao','Đơn hàng OD1778852606406 đang được giao đến bạn.','ORDER_SHIPPING',10,0,'2026-05-19 01:38:54.972534'),(21,2,NULL,'Đơn hàng đã bị hủy','Đơn hàng OD1778852606406 đã bị hủy.','ORDER_CANCELLED',10,0,'2026-05-19 01:38:56.729376'),(22,NULL,'ADMIN','Có đơn hàng mới','Khách hàng BuNgo vừa đặt đơn hàng OD1779132380416','NEW_ORDER',32,0,'2026-05-19 02:26:20.494317'),(23,14,NULL,'Đơn hàng đã bị hủy','Đơn hàng OD1779132380416 đã bị hủy.','ORDER_CANCELLED',32,1,'2026-05-19 02:26:54.475488'),(24,NULL,'ADMIN','Có đơn hàng mới','Khách hàng BuNgo vừa đặt đơn hàng OD1779132499456','NEW_ORDER',33,0,'2026-05-19 02:28:19.503421'),(25,NULL,'ADMIN','Có đơn hàng mới','Khách hàng BuNgo vừa đặt đơn hàng OD1779132587666','NEW_ORDER',34,0,'2026-05-19 02:29:47.733369'),(26,14,NULL,'Đơn hàng đã được xác nhận','Đơn hàng OD1779132587666 của bạn đã được admin xác nhận.','ORDER_CONFIRMED',34,1,'2026-05-19 02:34:01.777280'),(27,14,NULL,'Đơn hàng đang được giao','Đơn hàng OD1779132587666 đang được giao đến bạn.','ORDER_SHIPPING',34,1,'2026-05-19 02:34:03.926842'),(28,NULL,'ADMIN','Có đơn hàng mới','Khách hàng BuNgo vừa đặt đơn hàng OD1779209798027','NEW_ORDER',35,0,'2026-05-19 23:56:38.059343'),(29,14,NULL,'Đơn hàng đã được xác nhận','Đơn hàng OD1779209798027 của bạn đã được admin xác nhận.','ORDER_CONFIRMED',35,0,'2026-05-19 23:58:36.605266'),(30,14,NULL,'Đơn hàng đang được giao','Đơn hàng OD1779209798027 đang được giao đến bạn.','ORDER_SHIPPING',35,0,'2026-05-20 00:19:40.205652'),(31,NULL,'ADMIN','Có đơn hàng mới','Khách hàng Ngọc Toàn vừa đặt đơn hàng OD1779243697504','NEW_ORDER',36,1,'2026-05-20 09:21:37.538048'),(32,NULL,'ADMIN','Có đơn hàng mới','Khách hàng Hiếu Phạm Trung vừa đặt đơn hàng OD1779247172431','NEW_ORDER',37,1,'2026-05-20 10:19:32.459654'),(33,24,NULL,'Đơn hàng đã được xác nhận','Đơn hàng OD1779247172431 của bạn đã được admin xác nhận.','ORDER_CONFIRMED',37,0,'2026-05-20 10:20:47.651702'),(34,24,NULL,'Đơn hàng đang được giao','Đơn hàng OD1779247172431 đang được giao đến bạn.','ORDER_SHIPPING',37,0,'2026-05-20 10:21:05.835501'),(35,24,NULL,'Giao hàng thành công','Đơn hàng OD1779247172431 đã được giao thành công.','ORDER_DELIVERED',37,1,'2026-05-20 10:22:21.180962'),(36,NULL,'ADMIN','Có đơn hàng mới','Khách hàng Hieu Pham vừa đặt đơn hàng OD1779267197268','NEW_ORDER',38,0,'2026-05-20 15:53:17.289855'),(37,25,NULL,'Đơn hàng đã được xác nhận','Đơn hàng OD1779267197268 của bạn đã được admin xác nhận.','ORDER_CONFIRMED',38,1,'2026-05-20 22:04:42.328165'),(38,25,NULL,'Đơn hàng đang được giao','Đơn hàng OD1779267197268 đang được giao đến bạn.','ORDER_SHIPPING',38,1,'2026-05-20 22:04:46.353577');
/*!40000 ALTER TABLE `Notification` ENABLE KEYS */;
UNLOCK TABLES;

--
-- Table structure for table `Order`
--

DROP TABLE IF EXISTS `Order`;
/*!40101 SET @saved_cs_client     = @@character_set_client */;
/*!50503 SET character_set_client = utf8mb4 */;
CREATE TABLE `Order` (
  `OrderID` int NOT NULL AUTO_INCREMENT,
  `UserID` int NOT NULL,
  `CreatedDate` datetime DEFAULT CURRENT_TIMESTAMP,
  `TotalAmount` decimal(18,0) DEFAULT NULL,
  `Status` int DEFAULT '0',
  `OrderCode` varchar(30) COLLATE utf8mb4_unicode_ci DEFAULT NULL,
  `CustomerName` varchar(100) COLLATE utf8mb4_unicode_ci DEFAULT NULL,
  `Phone` varchar(20) COLLATE utf8mb4_unicode_ci DEFAULT NULL,
  `Address` varchar(255) COLLATE utf8mb4_unicode_ci DEFAULT NULL,
  `PaymentMethod` varchar(50) COLLATE utf8mb4_unicode_ci DEFAULT 'COD',
  `Note` varchar(255) COLLATE utf8mb4_unicode_ci DEFAULT NULL,
  `SubTotal` decimal(18,2) DEFAULT '0.00',
  `DiscountPercent` decimal(5,2) DEFAULT '0.00',
  `DiscountAmount` decimal(18,2) DEFAULT '0.00',
  PRIMARY KEY (`OrderID`),
  KEY `fk_Order_UserID_12` (`UserID`),
  CONSTRAINT `fk_Order_UserID_12` FOREIGN KEY (`UserID`) REFERENCES `User` (`UserID`)
) ENGINE=InnoDB AUTO_INCREMENT=39 DEFAULT CHARSET=utf8mb4 COLLATE=utf8mb4_unicode_ci;
/*!40101 SET character_set_client = @saved_cs_client */;

--
-- Dumping data for table `Order`
--

LOCK TABLES `Order` WRITE;
/*!40000 ALTER TABLE `Order` DISABLE KEYS */;
INSERT INTO `Order` VALUES (1,10,'2026-05-12 22:06:08',27990000,4,'OD1778598367899','KhiemNgu','01234567890321','dsadsa','VNPAY',NULL,NULL,NULL,NULL),(2,10,'2026-05-12 22:06:35',27990000,3,'OD1778598394639','KhiemNgu','0123456789','dsadsa','COD',NULL,NULL,NULL,NULL),(3,10,'2026-05-12 22:08:24',27990000,4,'OD1778598504431','KhiemNgu','0123456789','dsadsa','VNPAY',NULL,NULL,NULL,NULL),(4,10,'2026-05-12 22:09:36',27990000,3,'OD1778598575528','KhiemNgu','0123456789','dsadas','VNPAY',NULL,NULL,NULL,NULL),(5,10,'2026-05-12 22:16:07',55000000,4,'OD1778598966574','KhiemNgu','0123456789','ứda','MBBANK',NULL,NULL,NULL,NULL),(6,10,'2026-05-13 00:12:59',27990000,4,'OD1778605978633','KhiemNgu','0123456789','dsadsa','VNPAY',NULL,NULL,NULL,NULL),(7,2,'2026-05-13 23:24:19',24990000,3,'OD1778689459038','Lữ Quang Minh ','0900000000','dsadsa','COD',NULL,NULL,NULL,NULL),(8,2,'2026-05-14 10:13:15',55000000,3,'OD1778728394942','Lữ Quang Minh ','0900000000','dsa','COD',NULL,NULL,NULL,NULL),(9,2,'2026-05-14 10:13:23',24990000,4,'OD1778728403163','Lữ Quang Minh ','0900000000','dsadas','VNPAY',NULL,NULL,NULL,NULL),(10,2,'2026-05-15 20:43:26',60000000,4,'OD1778852606406','Lữ Quang Minh ','0900000000','dsadsa','COD',NULL,NULL,NULL,NULL),(11,2,'2026-05-15 20:44:07',35990000,3,'OD1778852646579','Lữ Quang Minh ','0900000000','dsadsa','VNPAY',NULL,NULL,NULL,NULL),(12,10,'2026-05-15 20:46:31',116970000,3,'OD1778852791219','KhiemNgu','0123456789','dsadsa','VNPAY',NULL,NULL,NULL,NULL),(13,4,'2026-05-15 21:15:38',44990000,3,'OD1778854538478','Khiem lo vuong','0707856321','dsadsa','VNPAY',NULL,NULL,NULL,NULL),(14,15,'2026-05-16 20:18:13',27990000,3,'OD1778937493039','Toàn','Chưa cập nhật','dswssd','MBBANK',NULL,NULL,NULL,NULL),(15,16,'2026-05-16 20:32:38',27990000,3,'OD1778938357774','. Dang Tran Ngoc Toan','Chưa cập nhật','dsadas','MBBANK',NULL,NULL,NULL,NULL),(16,16,'2026-05-16 21:04:23',35990000,4,'OD1778940263312','. Dang Tran Ngoc Toan','0786208863','453/5/20','COD',NULL,NULL,NULL,NULL),(17,16,'2026-05-16 21:14:46',35990000,4,'OD1778940885954','. Dang Tran Ngoc Toan','07862088633','453/5/20, Đường Tô Ngọc Vân, Khu phố 60','COD',NULL,NULL,NULL,NULL),(18,16,'2026-05-16 21:22:34',37990000,3,'OD1778941353892','. Dang Tran Ngoc Toan','0786208863','45/3//20','MBBANK','Hãy đứng trước hẻm 453 và giao hàng cho mẹ tôi',NULL,NULL,NULL),(19,16,'2026-05-16 21:56:09',71980000,3,'OD1778943368698','. Dang Tran Ngoc Toan','0786208863','453/5/20, Đường Tô Ngọc Vân, Khu phố 60','MBBANK','dsadsadsa',NULL,NULL,NULL),(20,2,'2026-05-16 22:24:38',38990000,3,'OD1778945077654','Lữ Quang Minh ','0900000000','453/5/20, Đường Tô Ngọc Vân, Khu phố 60','MBBANK','dsadas',NULL,NULL,NULL),(21,2,'2026-05-16 22:27:21',36990000,4,'OD1778945240884','Lữ Quang Minh ','0900000000','453/5/20, Đường Tô Ngọc Vân, Khu phố 60','VNPAY','dsadsadsa',NULL,NULL,NULL),(22,2,'2026-05-16 22:43:10',36990000,4,'OD1778946190437','Lữ Quang Minh ','0900000000','453/5/20, Đường Tô Ngọc Vân, Khu phố 60','MBBANK','dsadsa',NULL,NULL,NULL),(23,2,'2026-05-16 23:41:22',34191000,4,'OD1778949681876','Lữ Quang Minh ','0900000000','453/5/20, Đường Tô Ngọc Vân, Khu phố 60','COD','dsadsad',37990000.00,10.00,3799000.00),(24,10,'2026-05-16 23:54:20',59382000,4,'OD1778950460031','KhiemNgu','0123456789','dsadsadas','COD','',65980000.00,10.00,6598000.00),(25,4,'2026-05-17 00:03:29',24240300,4,'OD1778951008764','Khiem lo vuong','0707856321','dsadas','MBBANK','',24990000.00,3.00,749700.00),(26,2,'2026-05-17 18:01:42',3771000,4,'OD1779015701650','Nguyễn Văn A','0909123456','TP Hồ Chí Minh','COD','Giao giờ hành chính',4190000.00,10.00,419000.00),(27,10,'2026-05-17 18:15:47',34191000,4,'OD1779016546776','KhiemNgu','0123456789','453/5/20','MBBANK','Hãy giao cho my mom',37990000.00,10.00,3799000.00),(28,10,'2026-05-17 18:16:10',16191000,3,'OD1779016569953','KhiemNgu','0123456789','dsadsa','MBBANK','đasad',17990000.00,10.00,1799000.00),(29,10,'2026-05-17 18:18:24',49500000,4,'OD1779016703538','KhiemNgu','0123456789','dsadsa','VNPAY','dsadsa',55000000.00,10.00,5500000.00),(30,2,'2026-05-18 23:42:50',2250000,4,'OD1779122569846','Lữ Quang Minh ','0900000000','dsadsa','MBBANK','dsadasd',2500000.00,10.00,250000.00),(31,2,'2026-05-19 01:35:41',1800000,4,'OD1779129340594','Lữ Quang Minh ','0900000000','dsad','COD','đasa',2000000.00,10.00,200000.00),(32,14,'2026-05-19 02:26:20',35990000,4,'OD1779132380416','BuNgo','0321321332','dsadsa','MBBANK','dsadsad',35990000.00,0.00,0.00),(33,14,'2026-05-19 02:28:19',35990000,4,'OD1779132499456','BuNgo','0321321332','dsadas','COD','đasada',35990000.00,0.00,0.00),(34,14,'2026-05-19 02:29:48',27990000,2,'OD1779132587666','BuNgo','0321321332','dsada','COD','dsadas',27990000.00,0.00,0.00),(35,14,'2026-05-19 23:56:38',35990000,2,'OD1779209798027','BuNgo','0321321332','453/5/20 ','MBBANK','Sugoi',35990000.00,0.00,0.00),(36,15,'2026-05-20 09:21:38',9205300,0,'OD1779243697504','Ngọc Toàn','0786208863','453/5/20','COD','Giao cho my mommy',9490000.00,3.00,284700.00),(37,24,'2026-05-20 10:19:32',35990000,3,'OD1779247172431','Hiếu Phạm Trung','0336767909','Phường Tam Bình ','MBBANK','giao lúc đêm\n',35990000.00,0.00,0.00),(38,25,'2026-05-20 15:53:17',37990000,2,'OD1779267197268','Hieu Pham','0336767909','bngv\n\n','MBBANK','',37990000.00,0.00,0.00);
/*!40000 ALTER TABLE `Order` ENABLE KEYS */;
UNLOCK TABLES;

--
-- Table structure for table `OrderDetail`
--

DROP TABLE IF EXISTS `OrderDetail`;
/*!40101 SET @saved_cs_client     = @@character_set_client */;
/*!50503 SET character_set_client = utf8mb4 */;
CREATE TABLE `OrderDetail` (
  `OrderDetailID` int NOT NULL AUTO_INCREMENT,
  `OrderID` int NOT NULL,
  `ProductID` int NOT NULL,
  `Quantity` int NOT NULL,
  `Price` decimal(18,0) NOT NULL,
  `ProductName` varchar(255) COLLATE utf8mb4_unicode_ci DEFAULT NULL,
  `Image` varchar(500) COLLATE utf8mb4_unicode_ci DEFAULT NULL,
  `Subtotal` decimal(18,0) DEFAULT NULL,
  PRIMARY KEY (`OrderDetailID`),
  KEY `fk_OrderDetail_OrderID_13` (`OrderID`),
  KEY `fk_OrderDetail_ProductID_14` (`ProductID`),
  CONSTRAINT `fk_OrderDetail_OrderID_13` FOREIGN KEY (`OrderID`) REFERENCES `Order` (`OrderID`),
  CONSTRAINT `fk_OrderDetail_ProductID_14` FOREIGN KEY (`ProductID`) REFERENCES `Product` (`ProductID`)
) ENGINE=InnoDB AUTO_INCREMENT=42 DEFAULT CHARSET=utf8mb4 COLLATE=utf8mb4_unicode_ci;
/*!40101 SET character_set_client = @saved_cs_client */;

--
-- Dumping data for table `OrderDetail`
--

LOCK TABLES `OrderDetail` WRITE;
/*!40000 ALTER TABLE `OrderDetail` DISABLE KEYS */;
INSERT INTO `OrderDetail` VALUES (1,1,94,1,27990000,'iPhone 17 256GB','/img/phones/iphone/iPhone 17 256GB.webp',27990000),(2,2,94,1,27990000,'iPhone 17 256GB','/img/phones/iphone/iPhone 17 256GB.webp',27990000),(3,3,94,1,27990000,'iPhone 17 256GB','/img/phones/iphone/iPhone 17 256GB.webp',27990000),(4,4,94,1,27990000,'iPhone 17 256GB','/img/phones/iphone/iPhone 17 256GB.webp',27990000),(5,5,99,1,55000000,'iPhone 17 Pro Max 1TB','/img/phones/iphone/iPhone 17 Pro Max 1TB.webp',55000000),(6,6,94,1,27990000,'iPhone 17 256GB','/img/phones/iphone/iPhone 17 256GB.webp',27990000),(7,7,5,1,24990000,'HONOR Magic 7 Pro','/img/phones/honor/HONOR Magic 7 Pro.webp',24990000),(8,8,99,1,55000000,'iPhone 17 Pro Max 1TB','/img/phones/iphone/iPhone 17 Pro Max 1TB.webp',55000000),(9,9,5,1,24990000,'HONOR Magic 7 Pro','/img/phones/honor/HONOR Magic 7 Pro.webp',24990000),(10,10,412,1,60000000,'Tess Phone','/img/upload/1777385348890_vertu.webp',60000000),(11,11,91,1,35990000,'iPhone 16 Pro Max 512GB','/img/phones/iphone/iPhone 16 Pro Max 512GB.webp',35990000),(12,12,309,1,40990000,'Samsung Galaxy Z Fold7 12GB 512GB','/img/phones/samsung/Samsung Galaxy Z Fold7 12GB 512GB.webp',40990000),(13,12,189,2,37990000,'OPPO Find X9 Ultra','/img/phones/oppo/OPPO Find X9 Ultra.webp',75980000),(14,13,182,1,44990000,'OPPO Find N6 16GB 512GB','/img/phones/oppo/OPPO Find N6 16GB 512GB.webp',44990000),(15,14,86,1,27990000,'iPhone 16 Plus 256GB','/img/phones/iphone/iPhone 16 Plus 256GB.webp',27990000),(16,15,94,1,27990000,'iPhone 17 256GB','/img/phones/iphone/iPhone 17 256GB.webp',27990000),(17,16,102,1,35990000,'iPhone 17 Pro Max 512GB','/img/phones/iphone/iPhone 17 Pro Max 512GB.webp',35990000),(18,17,91,1,35990000,'iPhone 16 Pro Max 512GB','/img/phones/iphone/iPhone 16 Pro Max 512GB.webp',35990000),(19,18,42,1,37990000,'Huawei Mate X7 16GB 512GB','/img/phones/huawei/Huawei Mate X7 16GB 512GB.webp',37990000),(20,19,42,1,37990000,'Huawei Mate X7 16GB 512GB','/img/phones/huawei/Huawei Mate X7 16GB 512GB.webp',37990000),(21,19,89,1,33990000,'iPhone 16 Pro 512GB','/img/phones/iphone/iPhone 16 Pro 512GB.webp',33990000),(22,20,179,1,38990000,'OPPO Find N3 16GB 512GB','/img/phones/oppo/OPPO Find N3 16GB 512GB.webp',38990000),(23,21,371,1,36990000,'Xiaomi 17 Ultra 5G 16GB 512GB','/img/phones/xiaomi/Xiaomi 17 Ultra 5G 16GB 512GB.webp',36990000),(24,22,371,1,36990000,'Xiaomi 17 Ultra 5G 16GB 512GB','/img/phones/xiaomi/Xiaomi 17 Ultra 5G 16GB 512GB.webp',36990000),(25,23,290,1,37990000,'Samsung Galaxy S25 Ultra 1TB','/img/phones/samsung/Samsung Galaxy S25 Ultra 1TB.webp',37990000),(26,24,5,1,24990000,'HONOR Magic 7 Pro','/img/phones/honor/HONOR Magic 7 Pro.webp',24990000),(27,24,309,1,40990000,'Samsung Galaxy Z Fold7 12GB 512GB','/img/phones/samsung/Samsung Galaxy Z Fold7 12GB 512GB.webp',40990000),(28,25,5,1,24990000,'HONOR Magic 7 Pro','/img/phones/honor/HONOR Magic 7 Pro.webp',24990000),(29,26,1,1,4190000,'Honor Magic 2','/img/phones/honor/Honor Magic 2.webp',4190000),(30,27,10,1,37990000,'HONOR Magic V5 16GB 512GB','/img/phones/honor/HONOR Magic V5 16GB 512GB.webp',37990000),(31,28,139,1,17990000,'Nubia Red Magic 9 Pro','/img/phones/nubia/Nubia Red Magic 9 Pro.webp',17990000),(32,29,99,1,55000000,'iPhone 17 Pro Max 1TB','/img/phones/iphone/iPhone 17 Pro Max 1TB.webp',55000000),(33,30,53,1,2500000,'iPhone 5S 16GB','/img/phones/iphone/iPhone 5S 16GB.webp',2500000),(34,31,417,1,2000000,'Khiem phone','',2000000),(35,32,102,1,35990000,'iPhone 17 Pro Max 512GB','/img/phones/iphone/iPhone 17 Pro Max 512GB.webp',35990000),(36,33,91,1,35990000,'iPhone 16 Pro Max 512GB','/img/phones/iphone/iPhone 16 Pro Max 512GB.webp',35990000),(37,34,86,1,27990000,'iPhone 16 Plus 256GB','/img/phones/iphone/iPhone 16 Plus 256GB.webp',27990000),(38,35,102,1,35990000,'iPhone 17 Pro Max 512GB','/img/phones/iphone/iPhone 17 Pro Max 512GB.webp',35990000),(39,36,408,1,9490000,'Xiaomi Redmi Note 15 Pro 12GB 256GB','/img/phones/xiaomi/Xiaomi Redmi Note 15 Pro 12GB 256GB.webp',9490000),(40,37,102,1,35990000,'iPhone 17 Pro Max 512GB','/img/phones/iphone/iPhone 17 Pro Max 512GB.webp',35990000),(41,38,10,1,37990000,'HONOR Magic V5 16GB 512GB','/img/phones/honor/HONOR Magic V5 16GB 512GB.webp',37990000);
/*!40000 ALTER TABLE `OrderDetail` ENABLE KEYS */;
UNLOCK TABLES;

--
-- Table structure for table `Payment`
--

DROP TABLE IF EXISTS `Payment`;
/*!40101 SET @saved_cs_client     = @@character_set_client */;
/*!50503 SET character_set_client = utf8mb4 */;
CREATE TABLE `Payment` (
  `PaymentID` int NOT NULL AUTO_INCREMENT,
  `OrderID` int NOT NULL,
  `Method` varchar(50) COLLATE utf8mb4_unicode_ci NOT NULL,
  `Amount` decimal(18,0) NOT NULL,
  `PaymentDate` datetime DEFAULT NULL,
  `Status` int DEFAULT '0',
  `transactionCode` varchar(255) COLLATE utf8mb4_unicode_ci DEFAULT NULL,
  `createdDate` datetime DEFAULT NULL,
  `note` varchar(255) COLLATE utf8mb4_unicode_ci DEFAULT NULL,
  `paymentCode` varchar(50) COLLATE utf8mb4_unicode_ci DEFAULT NULL,
  PRIMARY KEY (`PaymentID`),
  KEY `fk_Payment_OrderID_15` (`OrderID`),
  CONSTRAINT `fk_Payment_OrderID_15` FOREIGN KEY (`OrderID`) REFERENCES `Order` (`OrderID`)
) ENGINE=InnoDB AUTO_INCREMENT=39 DEFAULT CHARSET=utf8mb4 COLLATE=utf8mb4_unicode_ci;
/*!40101 SET character_set_client = @saved_cs_client */;

--
-- Dumping data for table `Payment`
--

LOCK TABLES `Payment` WRITE;
/*!40000 ALTER TABLE `Payment` DISABLE KEYS */;
INSERT INTO `Payment` VALUES (1,1,'VNPAY',27990000,NULL,2,NULL,'2026-05-12 22:06:08','Thanh toán thất bại','TT00001'),(2,2,'COD',27990000,'2026-05-12 22:07:02',1,NULL,'2026-05-12 22:06:35','COD đã thanh toán','TT00002'),(3,3,'VNPAY',27990000,'2026-05-12 22:08:32',1,'TXN1778598512172','2026-05-12 22:08:24','Thanh toán thành công','TT00003'),(4,4,'VNPAY',27990000,'2026-05-12 22:09:38',1,'TXN1778598577676','2026-05-12 22:09:36','Thanh toán thành công','TT00004'),(5,5,'MBBANK',55000000,NULL,2,NULL,'2026-05-12 22:16:07','Thanh toán thất bại','TT00005'),(6,6,'VNPAY',27990000,NULL,2,NULL,'2026-05-13 00:12:59','Chờ thanh toán online','TT00006'),(7,7,'COD',24990000,'2026-05-13 23:24:42',1,NULL,'2026-05-13 23:24:19','COD đã thanh toán','TT00007'),(8,8,'COD',55000000,'2026-05-15 18:09:01',1,NULL,'2026-05-14 10:13:15','COD đã thanh toán','TT00008'),(9,9,'VNPAY',24990000,NULL,2,NULL,'2026-05-14 10:13:23','Thanh toán thất bại','TT00009'),(10,10,'COD',60000000,NULL,2,NULL,'2026-05-15 20:43:26','Đơn hàng đã bị hủy','TT00010'),(11,11,'VNPAY',35990000,'2026-05-15 20:44:09',1,'TXN1778852648716','2026-05-15 20:44:07','Thanh toán thành công','TT00011'),(12,12,'VNPAY',116970000,'2026-05-15 20:46:34',1,'TXN1778852793887','2026-05-15 20:46:31','Thanh toán thành công','TT00012'),(13,13,'VNPAY',44990000,'2026-05-15 21:15:40',1,'TXN1778854539681','2026-05-15 21:15:39','Thanh toán thành công','TT00013'),(14,14,'MBBANK',27990000,'2026-05-16 20:18:15',1,'TXN1778937494848','2026-05-16 20:18:13','Thanh toán thành công','TT00014'),(15,15,'MBBANK',27990000,'2026-05-16 20:32:40',1,'TXN1778938359571','2026-05-16 20:32:38','Thanh toán thành công','TT00015'),(16,16,'COD',35990000,NULL,2,NULL,'2026-05-16 21:04:23','Đơn hàng đã bị hủy','TT00016'),(17,17,'COD',35990000,NULL,2,NULL,'2026-05-16 21:14:46','Thanh toán thất bại','TT00017'),(18,18,'MBBANK',37990000,'2026-05-16 21:22:36',1,'TXN1778941355566','2026-05-16 21:22:34','Thanh toán thành công','TT00018'),(19,19,'MBBANK',71980000,'2026-05-16 21:56:18',1,'TXN1778943378314','2026-05-16 21:56:09','Thanh toán thành công','TT00019'),(20,20,'MBBANK',38990000,'2026-05-16 22:24:39',1,'TXN1778945078733','2026-05-16 22:24:38','Thanh toán thành công, chờ admin xác nhận đơn hàng','TT00020'),(21,21,'VNPAY',36990000,NULL,2,NULL,'2026-05-16 22:27:21','Thanh toán thất bại','TT00021'),(22,22,'MBBANK',36990000,'2026-05-16 22:43:13',3,'TXN1778946192827','2026-05-16 22:43:10','Khách hàng đã hủy đơn sau khi thanh toán, cần hoàn tiền thủ công','TT00022'),(23,23,'COD',34191000,NULL,2,NULL,'2026-05-16 23:41:22','Đơn hàng đã bị hủy','TT00023'),(24,24,'COD',59382000,NULL,2,NULL,'2026-05-16 23:54:20','Đơn hàng đã bị hủy','TT00024'),(25,25,'MBBANK',24240300,NULL,2,NULL,'2026-05-17 00:03:29','Thanh toán thất bại','TT00025'),(26,26,'COD',3771000,NULL,2,NULL,'2026-05-17 18:01:42','Đơn hàng đã bị hủy','TT00026'),(27,27,'MBBANK',34191000,NULL,2,NULL,'2026-05-17 18:15:47','Thanh toán thất bại','TT00027'),(28,28,'MBBANK',16191000,'2026-05-17 18:16:11',1,'TXN1779016571075','2026-05-17 18:16:10','Thanh toán thành công, chờ admin xác nhận đơn hàng','TT00028'),(29,29,'VNPAY',49500000,'2026-05-17 18:18:25',1,'TXN1779016704570','2026-05-17 18:18:24','Thanh toán thành công, chờ admin xác nhận đơn hàng','TT00029'),(30,30,'MBBANK',2250000,NULL,2,NULL,'2026-05-18 23:42:50','Thanh toán thất bại','TT00030'),(31,31,'COD',1800000,NULL,2,NULL,'2026-05-19 01:35:41','Đơn hàng đã bị hủy','TT00031'),(32,32,'MBBANK',35990000,'2026-05-19 02:26:23',3,'TXN1779132382797','2026-05-19 02:26:20','Đơn online đã thanh toán nhưng bị hủy, cần hoàn tiền thủ công','TT00032'),(33,33,'COD',35990000,NULL,2,NULL,'2026-05-19 02:28:19','Thanh toán thất bại','TT00033'),(34,34,'COD',27990000,'2026-05-19 02:33:53',1,'TXN1779132832993','2026-05-19 02:29:48','Thanh toán thành công, chờ admin xác nhận đơn hàng','TT00034'),(35,35,'MBBANK',35990000,'2026-05-19 23:56:42',1,'TXN1779209801673','2026-05-19 23:56:38','Thanh toán thành công, chờ admin xác nhận đơn hàng','TT00035'),(36,36,'COD',9205300,NULL,0,NULL,'2026-05-20 09:21:38','Thanh toán khi nhận hàng','TT00036'),(37,37,'MBBANK',35990000,'2026-05-20 10:20:17',1,'TXN1779247217202','2026-05-20 10:19:32','Thanh toán thành công, chờ admin xác nhận đơn hàng','TT00037'),(38,38,'MBBANK',37990000,'2026-05-20 15:53:23',1,'TXN1779267203197','2026-05-20 15:53:17','Thanh toán thành công, chờ admin xác nhận đơn hàng','TT00038');
/*!40000 ALTER TABLE `Payment` ENABLE KEYS */;
UNLOCK TABLES;

--
-- Table structure for table `PendingUserRegistration`
--

DROP TABLE IF EXISTS `PendingUserRegistration`;
/*!40101 SET @saved_cs_client     = @@character_set_client */;
/*!50503 SET character_set_client = utf8mb4 */;
CREATE TABLE `PendingUserRegistration` (
  `PendingID` int NOT NULL AUTO_INCREMENT,
  `Username` varchar(50) COLLATE utf8mb4_unicode_ci NOT NULL,
  `Password` varchar(255) COLLATE utf8mb4_unicode_ci NOT NULL,
  `Email` varchar(100) COLLATE utf8mb4_unicode_ci NOT NULL,
  `FullName` varchar(100) COLLATE utf8mb4_unicode_ci NOT NULL,
  `Phone` varchar(20) COLLATE utf8mb4_unicode_ci NOT NULL,
  `RoleID` int NOT NULL,
  `OtpCode` varchar(10) COLLATE utf8mb4_unicode_ci NOT NULL,
  `ExpiredAt` datetime(6) NOT NULL,
  `CreatedAt` datetime(6) NOT NULL DEFAULT CURRENT_TIMESTAMP(6),
  PRIMARY KEY (`PendingID`)
) ENGINE=InnoDB AUTO_INCREMENT=13 DEFAULT CHARSET=utf8mb4 COLLATE=utf8mb4_unicode_ci;
/*!40101 SET character_set_client = @saved_cs_client */;

--
-- Dumping data for table `PendingUserRegistration`
--

LOCK TABLES `PendingUserRegistration` WRITE;
/*!40000 ALTER TABLE `PendingUserRegistration` DISABLE KEYS */;
/*!40000 ALTER TABLE `PendingUserRegistration` ENABLE KEYS */;
UNLOCK TABLES;

--
-- Table structure for table `Product`
--

DROP TABLE IF EXISTS `Product`;
/*!40101 SET @saved_cs_client     = @@character_set_client */;
/*!50503 SET character_set_client = utf8mb4 */;
CREATE TABLE `Product` (
  `ProductID` int NOT NULL AUTO_INCREMENT,
  `Name` varchar(150) COLLATE utf8mb4_unicode_ci NOT NULL,
  `Status` int DEFAULT '1',
  `Image` varchar(255) COLLATE utf8mb4_unicode_ci DEFAULT NULL,
  `Price` decimal(18,0) NOT NULL,
  `PromotionPrice` decimal(18,0) DEFAULT NULL,
  `VAT` decimal(5,2) DEFAULT '10.00',
  `Quantity` int DEFAULT '0',
  `Warranty` int DEFAULT '12',
  `IsHot` tinyint(1) DEFAULT '0',
  `Description` varchar(500) COLLATE utf8mb4_unicode_ci DEFAULT NULL,
  `ViewCount` int DEFAULT '0',
  `CategoryID` int NOT NULL,
  `BrandID` int NOT NULL,
  `SupplierID` int NOT NULL,
  `CreatedDate` datetime DEFAULT CURRENT_TIMESTAMP,
  `UpdatedDate` datetime DEFAULT NULL,
  PRIMARY KEY (`ProductID`),
  KEY `fk_Product_BrandID_16` (`BrandID`),
  KEY `fk_Product_CategoryID_17` (`CategoryID`),
  KEY `fk_Product_SupplierID_18` (`SupplierID`),
  CONSTRAINT `fk_Product_BrandID_16` FOREIGN KEY (`BrandID`) REFERENCES `Brand` (`BrandID`),
  CONSTRAINT `fk_Product_CategoryID_17` FOREIGN KEY (`CategoryID`) REFERENCES `Category` (`CategoryID`),
  CONSTRAINT `fk_Product_SupplierID_18` FOREIGN KEY (`SupplierID`) REFERENCES `Supplier` (`SupplierID`)
) ENGINE=InnoDB AUTO_INCREMENT=418 DEFAULT CHARSET=utf8mb4 COLLATE=utf8mb4_unicode_ci;
/*!40101 SET character_set_client = @saved_cs_client */;

--
-- Dumping data for table `Product`
--

LOCK TABLES `Product` WRITE;
/*!40000 ALTER TABLE `Product` DISABLE KEYS */;
INSERT INTO `Product` VALUES (1,'Honor Magic 2',1,'/img/phones/honor/Honor Magic 2.webp',4990000,4190000,10.00,19,12,0,'Honor Magic 2 có thiết kế trượt độc đáo, tạo cảm giác khác biệt so với nhiều mẫu máy phổ thông. Máy vẫn đáp ứng ổn các nhu cầu cơ bản như lướt web, xem video và dùng mạng xã hội.',0,1,7,1,'2026-04-11 23:32:40','2026-05-17 18:05:31'),(2,'Honor Magic 5 Pro',1,'/img/phones/honor/Honor Magic 5 Pro.webp',17990000,16490000,10.00,24,12,0,'Honor Magic 5 Pro là flagship nổi bật với camera mạnh, màn hình đẹp và hiệu năng cao. Máy phù hợp cho người dùng cần trải nghiệm cao cấp toàn diện.',0,1,7,1,'2026-04-11 23:32:40','2026-05-15 17:47:47'),(3,'Honor Magic 5',1,'/img/phones/honor/Honor Magic 5.webp',13990000,12790000,10.00,24,12,0,'Honor Magic 5 mang lại trải nghiệm cận flagship với thiết kế đẹp và hiệu năng mạnh. Máy phù hợp cho học tập, làm việc và giải trí dài lâu.',0,1,7,1,'2026-04-11 23:32:40','2026-05-07 15:00:10'),(4,'Honor Magic 6 Pro',1,'/img/phones/honor/Honor Magic 6 Pro.webp',23990000,21990000,10.00,16,12,0,'Honor Magic 6 Pro là mẫu flagship rất mạnh của Honor với camera và pin ấn tượng. Máy phù hợp cho người dùng thích công nghệ mới và hiệu năng cao.',0,1,7,1,'2026-04-11 23:32:40','2026-05-07 15:05:10'),(5,'HONOR Magic 7 Pro',1,'/img/phones/honor/HONOR Magic 7 Pro.webp',26990000,24990000,10.00,13,12,1,'HONOR Magic 7 Pro là dòng máy đời mới với thiết kế cao cấp và hiệu năng đầu bảng. Đây là lựa chọn tốt cho người dùng cần smartphone mạnh và bền lâu.',0,1,7,1,'2026-04-11 23:32:40','2026-05-13 23:24:33'),(6,'HONOR Magic V Flip 2',1,'/img/phones/honor/HONOR Magic V Flip 2.webp',23990000,22490000,10.00,12,12,0,'HONOR Magic V Flip 2 là điện thoại gập vỏ sò có thiết kế thời trang và nhỏ gọn. Máy phù hợp với người thích phong cách hiện đại và khác biệt.',0,1,7,1,'2026-04-11 23:32:40','2026-05-07 22:27:23'),(7,'Honor Magic V',1,'/img/phones/honor/Honor Magic V.webp',17990000,16490000,10.00,13,12,0,'Honor Magic V là một trong những mẫu máy gập đầu tiên của Honor với trải nghiệm màn hình lớn. Máy phù hợp cho người thích đa nhiệm và làm việc linh hoạt.',0,1,7,1,'2026-04-11 23:32:40','2026-05-07 22:31:02'),(8,'Honor Magic V2',1,'/img/phones/honor/Honor Magic V2.webp',27990000,25990000,10.00,19,12,0,'Honor Magic V2 nổi bật nhờ thiết kế mỏng nhẹ trong phân khúc điện thoại gập. Máy mang lại trải nghiệm cao cấp, màn hình đẹp và hiệu năng mạnh.',0,1,7,1,'2026-04-11 23:32:40',NULL),(9,'Honor Magic V3',1,'/img/phones/honor/Honor Magic V3.webp',35990000,33990000,10.00,13,12,0,'Honor Magic V3 là mẫu điện thoại gập cao cấp với thiết kế mỏng và cấu hình mạnh. Máy phù hợp cho người dùng thích trải nghiệm flagship mới nhất.',0,1,7,1,'2026-04-11 23:32:40',NULL),(10,'HONOR Magic V5 16GB 512GB',1,'/img/phones/honor/HONOR Magic V5 16GB 512GB.webp',39990000,37990000,10.00,8,12,1,'HONOR Magic V5 là dòng máy gập rất cao cấp với hiệu năng mạnh và bộ nhớ lớn. Máy phù hợp cho người dùng cần công nghệ mới và trải nghiệm cao cấp.',0,1,7,1,'2026-04-11 23:32:40','2026-05-20 22:04:42'),(11,'Honor Play 7T Pro',1,'/img/phones/honor/Honor Play 7T Pro.webp',4990000,4490000,10.00,26,12,0,'Honor Play 7T Pro là điện thoại phổ thông có thiết kế gọn và hiệu năng đủ dùng. Máy phù hợp cho nhu cầu học tập, giải trí và dùng hằng ngày.',0,1,7,1,'2026-04-11 23:32:40',NULL),(12,'Honor Play 7T',1,'/img/phones/honor/Honor Play 7T.webp',4490000,3990000,10.00,35,12,0,'Honor Play 7T có pin lớn và mức giá dễ tiếp cận, phù hợp cho người dùng phổ thông. Máy đáp ứng tốt các nhu cầu cơ bản như xem video, lướt web và liên lạc.',0,1,7,1,'2026-04-11 23:32:40',NULL),(13,'HONOR Play 10 4GB 128GB',1,'/img/phones/honor/HONOR Play 10 4GB 128GB.webp',3690000,3290000,10.00,30,12,0,'HONOR Play 10 là mẫu máy giá rẻ, dễ dùng và phù hợp với học sinh hoặc người dùng cơ bản. Pin tốt và giao diện đơn giản là điểm mạnh của máy.',0,1,7,1,'2026-04-11 23:32:40',NULL),(14,'Honor Play 30',1,'/img/phones/honor/Honor Play 30.webp',3290000,2890000,10.00,21,12,0,'Honor Play 30 có thiết kế đơn giản, dễ dùng và phù hợp với nhu cầu cơ bản hằng ngày. Đây là lựa chọn hợp lý trong phân khúc phổ thông.',0,1,7,1,'2026-04-11 23:32:40',NULL),(15,'Honor Play 40C',1,'/img/phones/honor/Honor Play 40C.webp',3890000,3490000,10.00,28,12,0,'Honor Play 40C là smartphone phổ thông có pin khỏe và màn hình lớn. Máy phù hợp cho người dùng cần thiết bị ổn định để dùng mỗi ngày.',0,1,7,1,'2026-04-11 23:32:40',NULL),(16,'HONOR Power 2',1,'/img/phones/honor/HONOR Power 2.webp',9990000,9190000,10.00,18,12,0,'HONOR Power 2 thiên về thời lượng pin và độ bền sử dụng lâu dài. Máy phù hợp cho người thường xuyên di chuyển hoặc cần pin trâu.',0,1,7,1,'2026-04-11 23:32:40',NULL),(17,'Honor Power',1,'/img/phones/honor/Honor Power.webp',8990000,8290000,10.00,24,12,0,'Honor Power là model tập trung vào pin khỏe và trải nghiệm ổn định. Máy phù hợp cho người dùng thích sự thực dụng và bền bỉ.',0,1,7,1,'2026-04-11 23:32:40',NULL),(18,'HONOR Win RT',1,'/img/phones/honor/HONOR Win RT.webp',5990000,5490000,10.00,13,12,0,'HONOR Win RT là mẫu máy ít phổ biến hơn, phù hợp cho nhu cầu sử dụng cơ bản. Máy có thiết kế gọn và giao diện dễ làm quen.',0,1,7,1,'2026-04-11 23:32:40',NULL),(19,'Honor X5 Plus',1,'/img/phones/honor/Honor X5 Plus.webp',2790000,2490000,10.00,34,12,0,'Honor X5 Plus là mẫu máy giá rẻ phù hợp cho người dùng phổ thông. Máy đáp ứng ổn nhu cầu nghe gọi, lướt web và giải trí nhẹ.',0,1,7,1,'2026-04-11 23:32:40',NULL),(20,'HONOR X5b 4GB 64GB',1,'/img/phones/honor/HONOR X5b 4GB 64GB.webp',2490000,2190000,10.00,36,12,0,'HONOR X5b là mẫu điện thoại giá rẻ dành cho nhu cầu sử dụng cơ bản. Máy phù hợp cho học sinh, người lớn tuổi hoặc làm máy phụ.',0,1,7,1,'2026-04-11 23:32:40',NULL),(21,'Honor X5c Plus 4GB 64GB',1,'/img/phones/honor/Honor X5c Plus 4GB 64GB.webp',2690000,2390000,10.00,22,12,0,'Honor X5c Plus 64GB là điện thoại phổ thông dễ dùng và có mức giá dễ tiếp cận. Máy phù hợp cho các nhu cầu liên lạc và học online.',0,1,7,1,'2026-04-11 23:32:40',NULL),(22,'Honor X5c Plus 4GB 128GB',1,'/img/phones/honor/Honor X5c Plus 4GB 128GB.webp',2990000,2690000,10.00,29,12,0,'Phiên bản 128GB của Honor X5c Plus cho không gian lưu trữ thoải mái hơn. Máy vẫn phù hợp với nhu cầu sử dụng hằng ngày cơ bản.',0,1,7,1,'2026-04-11 23:32:40',NULL),(23,'Honor X6',1,'/img/phones/honor/Honor X6.webp',3190000,2890000,10.00,18,12,0,'Honor X6 là điện thoại phổ thông có pin tốt và giao diện thân thiện. Máy phù hợp cho người dùng cần một thiết bị dễ dùng mỗi ngày.',0,1,7,1,'2026-04-11 23:32:40',NULL),(24,'Honor X6A',1,'/img/phones/honor/Honor X6A.webp',3690000,3290000,10.00,27,12,0,'Honor X6A là bản nâng cấp ổn định với pin tốt và màn hình mượt hơn. Máy phù hợp cho học sinh, sinh viên và người dùng phổ thông.',0,1,7,1,'2026-04-11 23:32:40',NULL),(25,'HONOR X6c 6GB 128GB',1,'/img/phones/honor/HONOR X6c 6GB 128GB.webp',4190000,3790000,10.00,23,12,0,'HONOR X6c là mẫu máy phổ thông đời mới có bộ nhớ ổn và pin tốt. Máy phù hợp cho người dùng cần thiết bị bền bỉ và dễ sử dụng.',0,1,7,1,'2026-04-11 23:32:40',NULL),(26,'Honor X7',1,'/img/phones/honor/Honor X7.webp',3990000,3590000,10.00,16,12,0,'Honor X7 có màn hình lớn và pin khỏe, phù hợp cho nhu cầu học tập và giải trí nhẹ. Máy mang lại trải nghiệm ổn định trong tầm giá.',0,1,7,1,'2026-04-11 23:32:40',NULL),(27,'Honor X7a',1,'/img/phones/honor/Honor X7a.webp',4490000,3990000,10.00,31,12,0,'Honor X7a nổi bật với pin lớn và thời lượng dùng lâu. Máy phù hợp cho người dùng cần smartphone bền bỉ, ổn định và dễ dùng.',0,1,7,1,'2026-04-11 23:32:40',NULL),(28,'HONOR X7c 8GB 256GB',1,'/img/phones/honor/HONOR X7c 8GB 256GB.webp',5990000,5490000,10.00,25,12,0,'HONOR X7c là smartphone tầm trung phổ thông với bộ nhớ lớn và hiệu năng ổn định. Máy phù hợp cho người dùng cần lưu trữ nhiều dữ liệu.',0,1,7,1,'2026-04-11 23:32:40',NULL),(29,'HONOR X7d 8GB 128GB',1,'/img/phones/honor/HONOR X7d 8GB 128GB.webp',5490000,4990000,10.00,19,12,0,'HONOR X7d 128GB cân bằng giữa hiệu năng, giá bán và dung lượng lưu trữ. Máy phù hợp cho người dùng phổ thông cần sự ổn định.',0,1,7,1,'2026-04-11 23:32:40',NULL),(30,'HONOR X7d 8GB 256GB',1,'/img/phones/honor/HONOR X7d 8GB 256GB.webp',6190000,5690000,10.00,21,12,0,'Phiên bản 256GB của HONOR X7d phù hợp với người dùng cần lưu trữ nhiều hơn. Máy đáp ứng tốt các nhu cầu sử dụng hằng ngày.',0,1,7,1,'2026-04-11 23:32:40',NULL),(31,'Honor X8 5G',1,'/img/phones/honor/Honor X8 5G.webp',4990000,4490000,10.00,24,12,0,'Honor X8 5G là mẫu máy mỏng nhẹ, đẹp mắt và có hỗ trợ kết nối 5G. Máy phù hợp cho người dùng cần thiết bị ổn định trong tầm giá.',0,1,7,1,'2026-04-11 23:32:40',NULL),(32,'Honor X8A',1,'/img/phones/honor/Honor X8A.webp',5490000,4990000,10.00,20,12,0,'Honor X8A có thiết kế đẹp, camera tốt và phù hợp với người dùng trẻ. Máy cho trải nghiệm sử dụng mượt trong các tác vụ hằng ngày.',0,1,7,1,'2026-04-11 23:32:40',NULL),(33,'HONOR X8d 8GB 128GB',1,'/img/phones/honor/HONOR X8d 8GB 128GB.webp',6290000,5790000,10.00,17,12,0,'HONOR X8d là mẫu máy tầm trung có thiết kế hiện đại và bộ nhớ tốt. Máy phù hợp cho học tập, làm việc và giải trí cơ bản.',0,1,7,1,'2026-04-11 23:32:40',NULL),(34,'Honor X9',1,'/img/phones/honor/Honor X9.webp',6290000,5790000,10.00,15,12,0,'Honor X9 nổi bật với thiết kế mỏng nhẹ và màn hình lớn. Máy phù hợp cho người dùng cần smartphone đẹp và dễ sử dụng.',0,1,7,1,'2026-04-11 23:32:40',NULL),(35,'Honor X9B',1,'/img/phones/honor/Honor X9B.webp',8990000,8190000,10.00,33,12,0,'Honor X9B là model được quan tâm nhiều nhờ pin tốt, thiết kế đẹp và độ bền cao. Máy phù hợp cho người dùng muốn dùng lâu dài.',0,1,7,1,'2026-04-11 23:32:40',NULL),(36,'HONOR X9c 5G 12GB 256GB',1,'/img/phones/honor/HONOR X9c 5G 12GB 256GB.webp',10990000,9990000,10.00,26,12,0,'HONOR X9c 5G là mẫu máy đời mới có pin mạnh và thiết kế hiện đại. Máy phù hợp cho người dùng thích smartphone đẹp, bền và hiệu năng ổn định.',0,1,7,1,'2026-04-11 23:32:40',NULL),(37,'HONOR X9d 12GB 512GB',1,'/img/phones/honor/HONOR X9d 12GB 512GB.webp',11990000,10990000,10.00,14,12,0,'HONOR X9d có bộ nhớ lớn và trải nghiệm ổn định trong nhiều tác vụ. Máy phù hợp với người dùng cần lưu trữ nhiều và dùng lâu dài.',0,1,7,1,'2026-04-11 23:32:40',NULL),(38,'Honor X40 5G',1,'/img/phones/honor/Honor X40 5G.webp',6490000,5890000,10.00,22,12,0,'Honor X40 5G có màn hình cong đẹp và trải nghiệm mượt trong tầm giá. Máy phù hợp cho người dùng thích thiết kế đẹp và dùng ổn định.',0,1,7,1,'2026-04-11 23:32:40',NULL),(39,'Honor X40i',1,'/img/phones/honor/Honor X40i.webp',4990000,4490000,10.00,28,12,0,'Honor X40i có ngoại hình mỏng nhẹ và phù hợp với người dùng trẻ. Máy đáp ứng tốt các nhu cầu học tập, mạng xã hội và giải trí nhẹ.',0,1,7,1,'2026-04-11 23:32:40',NULL),(40,'Honor X50i',1,'/img/phones/honor/Honor X50i.webp',5290000,4790000,10.00,19,12,0,'Honor X50i là smartphone tầm trung có thiết kế đẹp và camera tốt trong tầm giá. Máy phù hợp cho học sinh, sinh viên và người dùng phổ thông.',0,1,7,1,'2026-04-11 23:32:40',NULL),(41,'Honor X50i+',1,'/img/phones/honor/Honor X50i+.webp',5990000,5490000,10.00,23,12,0,'Honor X50i+ là bản nâng cấp có màn hình đẹp hơn và cấu hình ổn định hơn. Máy phù hợp cho người dùng thích sự cân bằng giữa thiết kế và hiệu năng.',0,1,7,1,'2026-04-11 23:32:40',NULL),(42,'Huawei Mate X7 16GB 512GB',1,'/img/phones/huawei/Huawei Mate X7 16GB 512GB.webp',39990000,37990000,10.00,13,12,1,'Huawei Mate X7 là điện thoại gập cao cấp với thiết kế sang trọng và hiệu năng mạnh. Máy phù hợp cho người dùng cao cấp.',0,1,5,2,'2026-04-11 23:37:40','2026-05-16 21:56:18'),(43,'Huawei Nova 7 SE',1,'/img/phones/huawei/Huawei Nova 7 SE.webp',6990000,6290000,10.00,28,12,0,'Huawei Nova 7 SE là mẫu máy tầm trung với thiết kế đẹp và hiệu năng ổn định.',0,1,5,2,'2026-04-11 23:37:40',NULL),(44,'Huawei Nova 9 SE',1,'/img/phones/huawei/Huawei Nova 9 SE.webp',7990000,7190000,10.00,26,12,0,'Huawei Nova 9 SE có camera độ phân giải cao và thiết kế trẻ trung.',0,1,5,2,'2026-04-11 23:37:40',NULL),(45,'Huawei Nova 10 Pro',1,'/img/phones/huawei/Huawei Nova 10 Pro.webp',11990000,10490000,10.00,22,12,0,'Huawei Nova 10 Pro nổi bật với camera trước và thiết kế mỏng nhẹ.',0,1,5,2,'2026-04-11 23:37:40',NULL),(46,'Huawei Nova 10 SE',1,'/img/phones/huawei/Huawei Nova 10 SE.webp',8990000,7990000,10.00,30,12,0,'Huawei Nova 10 SE là smartphone tầm trung phù hợp nhu cầu hằng ngày.',0,1,5,2,'2026-04-11 23:37:40',NULL),(47,'Huawei Nova 10',1,'/img/phones/huawei/Huawei Nova 10.webp',8990000,7990000,10.00,27,12,0,'Huawei Nova 10 có thiết kế đẹp và hiệu năng ổn định.',0,1,5,2,'2026-04-11 23:37:40',NULL),(48,'Huawei Nova 10z',1,'/img/phones/huawei/Huawei Nova 10z.webp',7490000,6790000,10.00,25,12,0,'Huawei Nova 10z phù hợp người dùng phổ thông với mức giá hợp lý.',0,1,5,2,'2026-04-11 23:37:40',NULL),(49,'Huawei P30 Lite',1,'/img/phones/huawei/Huawei P30 Lite.webp',4990000,4490000,10.00,33,12,0,'Huawei P30 Lite là mẫu máy phổ thông với thiết kế nhỏ gọn.',0,1,5,2,'2026-04-11 23:37:40',NULL),(50,'Huawei P30',1,'/img/phones/huawei/Huawei P30.webp',6990000,6290000,10.00,24,12,0,'Huawei P30 nổi bật với camera tốt và hiệu năng ổn định.',0,1,5,2,'2026-04-11 23:37:40',NULL),(51,'Huawei P60 Pro',1,'/img/phones/huawei/Huawei P60 Pro.webp',21990000,19990000,10.00,18,12,0,'Huawei P60 Pro là flagship với camera cao cấp và thiết kế sang trọng.',0,1,5,2,'2026-04-11 23:37:40',NULL),(52,'Huawei Pocket S',1,'/img/phones/huawei/Huawei Pocket S.webp',19990000,17990000,10.00,17,12,0,'Huawei Pocket S là điện thoại gập nhỏ gọn, thời trang và hiện đại.',0,1,5,2,'2026-04-11 23:37:40',NULL),(53,'iPhone 5S 16GB',-1,'/img/phones/iphone/iPhone 5S 16GB.webp',4000000,2500000,10.00,15,12,0,'Mẫu iPhone nhỏ gọn, phù hợp nhu cầu cơ bản. Thiết kế kim loại chắc chắn.',0,1,2,4,'2026-04-11 23:38:51','2026-05-19 00:09:48'),(54,'iPhone 16 Pro Max 256GB',1,'/img/phones/iphone/iPhone 16 Pro Max 256GB.webp',35000000,32990000,10.00,19,12,0,'Flagship mới nhất với hiệu năng mạnh mẽ. Camera cao cấp và màn hình đẹp.',0,1,2,4,'2026-04-11 23:38:51','2026-04-27 11:15:11'),(55,'iPhone 11 64GB',-1,'/img/phones/iphone/iPhone 11 64GB.webp',11000000,8990000,10.00,18,12,0,'Hiệu năng ổn định, camera tốt. Phù hợp sử dụng lâu dài.',0,1,2,4,'2026-04-11 23:38:51','2026-05-19 00:49:26'),(56,'iPhone 11 128GB',1,'/img/phones/iphone/iPhone 11 128GB.webp',12000000,9990000,10.00,17,12,0,'Dung lượng lớn hơn, lưu trữ thoải mái. Trải nghiệm mượt mà.',0,1,2,4,'2026-04-11 23:38:51',NULL),(57,'iPhone 12 64GB',1,'/img/phones/iphone/iPhone 12 64GB.webp',14000000,11990000,10.00,19,12,0,'Thiết kế vuông hiện đại, màn hình OLED sắc nét. Hỗ trợ 5G.',0,1,2,4,'2026-04-11 23:38:51',NULL),(58,'iPhone 12 Pro 256GB',1,'/img/phones/iphone/iPhone 12 Pro 256GB.webp',20000000,16990000,10.00,16,12,0,'Dòng Pro với camera tốt hơn. Hiệu năng mạnh mẽ.',0,1,2,4,'2026-04-11 23:38:51',NULL),(59,'iPhone 12 Pro Max 256GB',1,'/img/phones/iphone/iPhone 12 Pro Max 256GB.webp',22000000,18990000,10.00,21,12,0,'Màn hình lớn, pin tốt. Camera chất lượng cao.',0,1,2,4,'2026-04-11 23:38:51',NULL),(60,'iPhone 13 128GB',1,'/img/phones/iphone/iPhone 13 128GB.webp',18000000,15990000,10.00,23,12,0,'Hiệu năng mạnh, pin tốt. Thiết kế quen thuộc.',0,1,2,4,'2026-04-11 23:38:51',NULL),(61,'iPhone 13 256GB',1,'/img/phones/iphone/iPhone 13 256GB.webp',20000000,17990000,10.00,14,12,0,'Dung lượng lớn, camera cải tiến. Hoạt động ổn định.',0,1,2,4,'2026-04-11 23:38:51',NULL),(62,'iPhone 13 Pro 128GB',1,'/img/phones/iphone/iPhone 13 Pro 128GB.webp',23000000,20990000,10.00,25,12,0,'Màn hình 120Hz mượt mà. Camera chuyên nghiệp.',0,1,2,4,'2026-04-11 23:38:51',NULL),(63,'iPhone 13 Pro 256GB',1,'/img/phones/iphone/iPhone 13 Pro 256GB.webp',25000000,22990000,10.00,13,12,0,'Hiệu năng cao, camera chất lượng. Thiết kế cao cấp.',0,1,2,4,'2026-04-11 23:38:51',NULL),(64,'iPhone 13 Pro Max 128GB',1,'/img/phones/iphone/iPhone 13 Pro Max 128GB.webp',26000000,23990000,10.00,30,12,0,'Màn hình lớn, pin trâu. Trải nghiệm cao cấp.',0,1,2,4,'2026-04-11 23:38:51',NULL),(65,'iPhone 13 Pro Max 256GB',1,'/img/phones/iphone/iPhone 13 Pro Max 256GB.webp',28000000,25990000,10.00,28,12,0,'Dung lượng lớn, hiệu năng mạnh. Phù hợp nhu cầu cao.',0,1,2,4,'2026-04-11 23:38:51',NULL),(66,'iPhone 14 128GB',1,'/img/phones/iphone/iPhone 14 128GB.webp',20000000,17990000,10.00,22,12,0,'Mẫu iPhone mới với hiệu năng ổn định. Camera cải tiến.',0,1,2,4,'2026-04-11 23:38:51',NULL),(67,'iPhone 14 256GB',1,'/img/phones/iphone/iPhone 14 256GB.webp',22000000,19990000,10.00,19,12,0,'Dung lượng cao, pin tốt. Sử dụng mượt mà.',0,1,2,4,'2026-04-11 23:38:51',NULL),(68,'iPhone 14 Plus 128GB',1,'/img/phones/iphone/iPhone 14 Plus 128GB.webp',22000000,19990000,10.00,24,12,0,'Màn hình lớn, pin tốt. Phù hợp giải trí.',0,1,2,4,'2026-04-11 23:38:51',NULL),(69,'iPhone 14 Pro 128GB',1,'/img/phones/iphone/iPhone 14 Pro 128GB.webp',26000000,23990000,10.00,18,12,0,'Dynamic Island mới, hiệu năng mạnh. Camera tốt.',0,1,2,4,'2026-04-11 23:38:51',NULL),(70,'iPhone 14 Pro 256GB',1,'/img/phones/iphone/iPhone 14 Pro 256GB.webp',28000000,25990000,10.00,21,12,0,'Dung lượng cao, camera tốt. Hiệu năng mạnh.',0,1,2,4,'2026-04-11 23:38:51',NULL),(71,'iPhone 14 Pro 512GB',1,'/img/phones/iphone/iPhone 14 Pro 512GB.webp',32000000,29990000,10.00,17,12,0,'Bộ nhớ lớn, hiệu năng cao. Phù hợp công việc.',0,1,2,4,'2026-04-11 23:38:51',NULL),(72,'iPhone 14 Pro Max 128GB',1,'/img/phones/iphone/iPhone 14 Pro Max 128GB.webp',29000000,26990000,10.00,29,12,0,'Màn hình lớn, pin trâu. Camera cao cấp.',0,1,2,4,'2026-04-11 23:38:51',NULL),(73,'iPhone 14 Pro Max 256GB',1,'/img/phones/iphone/iPhone 14 Pro Max 256GB.webp',31000000,28990000,10.00,26,12,0,'Dung lượng cao, hiệu năng mạnh. Trải nghiệm tốt.',0,1,2,4,'2026-04-11 23:38:51',NULL),(74,'iPhone 14 Pro Max 256GB',1,'/img/phones/iphone/iPhone 14 Pro Max 256GB.webp',31000000,28990000,10.00,26,12,0,'Dung lượng cao, hiệu năng mạnh. Trải nghiệm tốt.',0,1,2,4,'2026-04-11 23:38:51',NULL),(75,'iPhone 15 128GB',1,'/img/phones/iphone/iPhone 15 128GB.webp',23000000,20990000,10.00,21,12,0,'Thiết kế hiện đại, camera cải tiến. Hiệu năng ổn định.',0,1,2,4,'2026-04-11 23:38:51',NULL),(76,'iPhone 15 256GB',1,'/img/phones/iphone/iPhone 15 256GB.webp',25000000,22990000,10.00,17,12,0,'Dung lượng lớn, hoạt động mượt. Pin tốt.',0,1,2,4,'2026-04-11 23:38:51',NULL),(77,'iPhone 15 Plus 128GB',1,'/img/phones/iphone/iPhone 15 Plus 128GB.webp',25000000,22990000,10.00,26,12,0,'Màn hình lớn, pin trâu. Phù hợp giải trí.',0,1,2,4,'2026-04-11 23:38:51',NULL),(78,'iPhone 15 Plus 256GB',1,'/img/phones/iphone/iPhone 15 Plus 256GB.webp',27000000,24990000,10.00,19,12,0,'Phiên bản dung lượng cao. Trải nghiệm mượt.',0,1,2,4,'2026-04-11 23:38:51',NULL),(79,'iPhone 15 Pro 128GB',1,'/img/phones/iphone/iPhone 15 Pro 128GB.webp',29000000,26990000,10.00,23,12,0,'Dòng Pro hiệu năng mạnh. Camera chuyên nghiệp.',0,1,2,4,'2026-04-11 23:38:51',NULL),(80,'iPhone 15 Pro 256GB',1,'/img/phones/iphone/iPhone 15 Pro 256GB.webp',31000000,28990000,10.00,14,12,0,'Dung lượng cao, hiệu năng mạnh. Camera tốt.',0,1,2,4,'2026-04-11 23:38:51',NULL),(81,'iPhone 15 Pro Max 2TB',1,'/img/phones/iphone/iPhone 15 Pro Max 2TB.webp',40000000,37990000,10.00,16,12,0,'Phiên bản cao cấp dung lượng cực lớn. Hiệu năng đỉnh cao.',0,1,2,4,'2026-04-11 23:38:51',NULL),(82,'iPhone 15 Pro Max 512GB',1,'/img/phones/iphone/iPhone 15 Pro Max 512GB.webp',36000000,33990000,10.00,18,12,0,'Dung lượng lớn, hiệu năng mạnh. Camera cao cấp.',0,1,2,4,'2026-04-11 23:38:51',NULL),(83,'iPhone 16 128GB',1,'/img/phones/iphone/iPhone 16 128GB.webp',26000000,23990000,10.00,20,12,0,'Mẫu iPhone mới với hiệu năng mạnh. Thiết kế đẹp.',0,1,2,4,'2026-04-11 23:38:51',NULL),(84,'iPhone 16 256GB',1,'/img/phones/iphone/iPhone 16 256GB.webp',28000000,25990000,10.00,24,12,0,'Dung lượng cao, trải nghiệm mượt mà.',0,1,2,4,'2026-04-11 23:38:51',NULL),(85,'iPhone 16 Plus 128GB',1,'/img/phones/iphone/iPhone 16 Plus 128GB.webp',28000000,25990000,10.00,27,12,0,'Màn hình lớn, pin tốt. Phù hợp giải trí.',0,1,2,4,'2026-04-11 23:38:51',NULL),(86,'iPhone 16 Plus 256GB',1,'/img/phones/iphone/iPhone 16 Plus 256GB.webp',30000000,27990000,10.00,17,12,0,'Dung lượng cao, pin trâu. Sử dụng mượt.',0,1,2,4,'2026-04-11 23:38:51','2026-05-19 02:34:02'),(87,'iPhone 16 Pro 128GB',1,'/img/phones/iphone/iPhone 16 Pro 128GB.webp',32000000,29990000,10.00,22,12,0,'Dòng Pro với hiệu năng cao. Camera tốt.',0,1,2,4,'2026-04-11 23:38:51',NULL),(88,'iPhone 16 Pro 256GB',1,'/img/phones/iphone/iPhone 16 Pro 256GB.webp',34000000,31990000,10.00,18,12,0,'Hiệu năng mạnh, dung lượng lớn. Camera cao cấp.',0,1,2,4,'2026-04-11 23:38:51',NULL),(89,'iPhone 16 Pro 512GB',1,'/img/phones/iphone/iPhone 16 Pro 512GB.webp',36000000,33990000,10.00,16,12,1,'Dung lượng lớn, hiệu năng mạnh. Phù hợp cao cấp.',0,1,2,4,'2026-04-11 23:38:51','2026-05-16 21:56:18'),(90,'iPhone 16 Pro Max 1TB',1,'/img/phones/iphone/iPhone 16 Pro Max 1TB.webp',40000000,37990000,10.00,25,12,0,'Màn hình lớn, hiệu năng mạnh. Camera tốt.',0,1,2,4,'2026-04-11 23:38:51',NULL),(91,'iPhone 16 Pro Max 512GB',1,'/img/phones/iphone/iPhone 16 Pro Max 512GB.webp',38000000,35990000,10.00,19,12,1,'Dung lượng lớn, trải nghiệm mượt.',0,1,2,4,'2026-04-11 23:38:51','2026-05-15 20:44:09'),(92,'iPhone 16e 128GB',1,'/img/phones/iphone/iPhone 16e 128GB.webp',20000000,17990000,10.00,19,12,0,'Phiên bản giá tốt, hiệu năng ổn định. Phù hợp phổ thông.',0,1,2,4,'2026-04-11 23:38:51',NULL),(93,'iPhone 16e 256GB',1,'/img/phones/iphone/iPhone 16e 256GB.webp',22000000,19990000,10.00,23,12,0,'Dung lượng cao hơn, sử dụng mượt.',0,1,2,4,'2026-04-11 23:38:51',NULL),(94,'iPhone 17 256GB',1,'/img/phones/iphone/iPhone 17 256GB.webp',30000000,27990000,10.00,17,12,0,'Mẫu iPhone mới, hiệu năng mạnh. Thiết kế đẹp.',0,1,2,4,'2026-04-11 23:38:51','2026-05-16 20:32:40'),(95,'iPhone 17 512GB',1,'/img/phones/iphone/iPhone 17 512GB.webp',33000000,30990000,10.00,21,12,0,'Dung lượng lớn, trải nghiệm cao cấp.',0,1,2,4,'2026-04-11 23:38:51','2026-05-06 21:11:24'),(96,'iPhone 17 Pro 1TB',1,'/img/phones/iphone/iPhone 17 Pro 1TB.webp',40000000,37990000,10.00,24,12,0,'Dòng Pro cao cấp với hiệu năng mạnh.',0,1,2,4,'2026-04-11 23:38:51',NULL),(97,'iPhone 17 Pro 256GB',1,'/img/phones/iphone/iPhone 17 Pro 256GB.webp',34000000,31990000,10.00,18,12,1,'Hiệu năng mạnh, camera tốt.',0,1,2,4,'2026-04-11 23:38:51',NULL),(98,'iPhone 17 Pro 512GB',1,'/img/phones/iphone/iPhone 17 Pro 512GB.webp',36000000,33990000,10.00,16,12,0,'Dung lượng lớn, trải nghiệm mượt.',0,1,2,4,'2026-04-11 23:38:51',NULL),(99,'iPhone 17 Pro Max 1TB',1,'/img/phones/iphone/iPhone 17 Pro Max 1TB.webp',60000000,55000000,10.00,20,12,1,'Màn hình lớn, hiệu năng cao.Đỉnh cao điện thoại hiệu năng vip rồ vip cái tess ơi',0,1,2,1,'2026-04-11 23:38:51','2026-05-17 18:19:29'),(100,'iPhone 17 Pro Max 2TB',1,'/img/phones/iphone/iPhone 17 Pro Max 2TB.webp',45000000,42990000,10.00,14,12,0,'Dung lượng cực lớn, cao cấp nhất.',0,1,2,4,'2026-04-11 23:38:51',NULL),(101,'iPhone 17 Pro Max 256GB',1,'/img/phones/iphone/iPhone 17 Pro Max 256GB.webp',36000000,33990000,10.00,20,12,0,'Hiệu năng mạnh, camera tốt.',0,1,2,4,'2026-04-11 23:38:51',NULL),(102,'iPhone 17 Pro Max 512GB',1,'/img/phones/iphone/iPhone 17 Pro Max 512GB.webp',38000000,35990000,10.00,12,12,1,'Dung lượng lớn, trải nghiệm tốt.',0,1,2,4,'2026-04-11 23:38:51','2026-05-20 10:20:48'),(103,'iPhone 17e 256GB',1,'/img/phones/iphone/iPhone 17e 256GB.webp',24000000,21990000,10.00,17,12,0,'Phiên bản giá tốt, hiệu năng ổn định.',0,1,2,4,'2026-04-11 23:38:51',NULL),(104,'iPhone 17e 512GB',1,'/img/phones/iphone/iPhone 17e 512GB.webp',26000000,23990000,10.00,19,12,0,'Dung lượng cao, sử dụng mượt.',0,1,2,4,'2026-04-11 23:38:51',NULL),(105,'iPhone Air 1TB',1,'/img/phones/iphone/iPhone Air 1TB.webp',35000000,32990000,10.00,15,12,0,'Dòng iPhone mới thiết kế mỏng nhẹ. Hiệu năng tốt.',0,1,2,4,'2026-04-11 23:38:51',NULL),(106,'iPhone Air 256GB',1,'/img/phones/iphone/iPhone Air 256GB.webp',30000000,27990000,10.00,18,12,0,'Thiết kế mỏng nhẹ, hiệu năng ổn định.',0,1,2,4,'2026-04-11 23:38:51',NULL),(107,'iPhone Air 512GB',1,'/img/phones/iphone/iPhone Air 512GB.webp',32000000,29990000,10.00,16,12,0,'Dung lượng cao, trải nghiệm mượt.',0,1,2,4,'2026-04-11 23:38:51',NULL),(108,'Itel P55 Plus NFC 8GB 256GB',1,'/img/phones/itel/Itel P55 Plus NFC 8GB 256GB.webp',4490000,3990000,10.00,21,12,0,'Mẫu máy nổi bật trong tầm giá với màn hình lớn và pin tốt. Phù hợp học tập, giải trí và dùng hằng ngày.',0,1,13,3,'2026-04-13 10:27:08',NULL),(109,'Itel 8010 4G',1,'/img/phones/itel/Itel 8010 4G.webp',590000,490000,10.00,18,12,0,'Điện thoại phổ thông nhỏ gọn, dễ sử dụng. Phù hợp nghe gọi cơ bản và pin dùng lâu.',0,1,13,3,'2026-04-13 10:27:08',NULL),(110,'Itel RS4 8GB 128GB NFC',1,'/img/phones/itel/Itel RS4 8GB 128GB NFC.webp',4290000,3790000,10.00,25,12,0,'Máy có cấu hình khá trong phân khúc, hỗ trợ NFC tiện lợi. Thiết kế trẻ trung, phù hợp người dùng phổ thông.',0,1,13,3,'2026-04-13 10:27:08',NULL),(111,'Itel RS4 8GB 256GB NFC',1,'/img/phones/itel/Itel RS4 8GB 256GB NFC.webp',4790000,4290000,10.00,16,12,0,'Phiên bản dung lượng cao cho nhu cầu lưu trữ tốt hơn. Hiệu năng ổn định và pin đủ dùng cả ngày.',0,1,13,3,'2026-04-13 10:27:08',NULL),(112,'Itel RS4 12GB 256GB NFC',1,'/img/phones/itel/Itel RS4 12GB 256GB NFC.webp',5290000,4790000,10.00,14,12,0,'Bản RAM lớn cho khả năng đa nhiệm tốt hơn. Phù hợp người cần hiệu năng cao trong tầm giá.',0,1,13,3,'2026-04-13 10:27:08',NULL),(113,'Itel S23 8GB 256GB',1,'/img/phones/itel/Itel S23 8GB 256GB.webp',3490000,2990000,10.00,27,12,0,'Mẫu smartphone giá tốt với bộ nhớ lớn. Thiết kế đẹp, đáp ứng tốt các nhu cầu cơ bản hằng ngày.',0,1,13,3,'2026-04-13 10:27:08',NULL),(114,'Nokia 3.2',1,'/img/phones/nokia/nokia-3.2.webp',2990000,2490000,10.00,17,12,0,'Mẫu smartphone phổ thông với màn hình lớn và pin tốt. Phù hợp cho các nhu cầu sử dụng cơ bản hằng ngày.',0,1,8,4,'2026-04-13 10:36:05',NULL),(115,'Nokia 7.2',1,'/img/phones/nokia/nokia-7.2.webp',6290000,5490000,10.00,14,12,0,'Thiết kế đẹp, màn hình hiển thị tốt và camera khá ổn. Phù hợp người dùng thích máy bền và dễ dùng.',0,1,8,4,'2026-04-13 10:36:05',NULL),(116,'Nokia 105 4G Pro',1,'/img/phones/nokia/nokia-105-4g-pro.webp',690000,590000,10.00,25,12,0,'Điện thoại phổ thông hỗ trợ 4G, pin bền và thao tác đơn giản. Phù hợp nghe gọi và dùng lâu dài.',0,1,8,4,'2026-04-13 10:36:05',NULL),(117,'Nokia 110 4G Pro',1,'/img/phones/nokia/nokia-110-4g-pro.webp',790000,690000,10.00,19,12,0,'Máy nhỏ gọn, hỗ trợ 4G và có thiết kế dễ cầm nắm. Thích hợp cho người cần một máy phụ ổn định.',0,1,8,4,'2026-04-13 10:36:05',NULL),(118,'Nokia 130',1,'/img/phones/nokia/nokia-130.webp',650000,550000,10.00,22,12,0,'Điện thoại cơ bản với pin tốt và độ bền cao. Đáp ứng tốt nhu cầu liên lạc hằng ngày.',0,1,8,4,'2026-04-13 10:36:05',NULL),(119,'Nokia 150',1,'/img/phones/nokia/nokia-150.webp',890000,790000,10.00,16,12,0,'Mẫu máy phổ thông có thiết kế gọn nhẹ và dễ sử dụng. Phù hợp cho người lớn tuổi hoặc làm máy phụ.',0,1,8,4,'2026-04-13 10:36:05',NULL),(120,'Nokia 220 4G',1,'/img/phones/nokia/nokia-220-4g.webp',990000,890000,10.00,24,12,0,'Hỗ trợ 4G, pin ổn định và bàn phím dễ thao tác. Đây là lựa chọn tốt cho nhu cầu nghe gọi cơ bản.',0,1,8,4,'2026-04-13 10:36:05',NULL),(121,'Nokia 3210 4G',1,'/img/phones/nokia/nokia-3210-4g.webp',1390000,1290000,10.00,18,12,0,'Phiên bản làm mới của dòng máy cổ điển nổi tiếng. Thiết kế hoài niệm, pin tốt và hỗ trợ 4G.',0,1,8,4,'2026-04-13 10:36:05',NULL),(122,'Nokia C32 4GB 128GB',1,'/img/phones/nokia/nokia-c32-4gb-128gb.webp',3290000,2890000,10.00,21,12,0,'Smartphone giá tốt với bộ nhớ rộng rãi và thiết kế đẹp. Phù hợp cho học tập, làm việc nhẹ và giải trí.',0,1,8,4,'2026-04-13 10:36:05',NULL),(123,'Nokia HMD 105 4G',1,'/img/phones/nokia/nokia-hmd-105-4g.webp',720000,620000,10.00,20,12,0,'Điện thoại phổ thông mới với kết nối 4G và pin bền. Thao tác đơn giản, thích hợp dùng nghe gọi.',0,1,8,4,'2026-04-13 10:36:05',NULL),(124,'Nothing Phone 1',1,'/img/phones/nothing phone/Nothing Phone 1.webp',10990000,9990000,10.00,18,12,0,'Thiết kế LED đặc trưng, hiệu năng ổn định. Phù hợp sử dụng hằng ngày.',0,1,9,2,'2026-04-13 10:39:09',NULL),(125,'Nothing Phone 2',1,'/img/phones/nothing phone/Nothing Phone 2.webp',15990000,14990000,10.00,20,12,0,'Hiệu năng mạnh mẽ, thiết kế độc đáo. Camera cải tiến.',0,1,9,2,'2026-04-13 10:39:09',NULL),(126,'Nothing Phone 2A 5G 8GB 128GB',1,'/img/phones/nothing phone/Nothing Phone 2A 5G 8GB 128GB.webp',9990000,8990000,10.00,22,12,0,'Phiên bản giá tốt, hiệu năng ổn định. Thiết kế trẻ trung.',0,1,9,2,'2026-04-13 10:39:09',NULL),(127,'Nothing Phone 2A 5G 12GB 256GB',1,'/img/phones/nothing phone/Nothing Phone 2A 5G 12GB 256GB.webp',11990000,10990000,10.00,19,12,0,'RAM lớn, dung lượng cao. Đa nhiệm mượt mà.',0,1,9,2,'2026-04-13 10:39:09',NULL),(128,'Nothing Phone 2A Plus 5G 12GB 256GB',1,'/img/phones/nothing phone/Nothing Phone 2A Plus 5G 12GB 256GB.webp',12990000,11990000,10.00,16,12,0,'Hiệu năng nâng cấp, trải nghiệm mượt mà. Thiết kế đẹp.',0,1,9,2,'2026-04-13 10:39:09',NULL),(129,'Nothing Phone 3A 8GB 128GB',1,'/img/phones/nothing phone/Nothing Phone 3A 8GB 128GB.webp',10990000,9990000,10.00,21,12,0,'Dòng mới với hiệu năng ổn định. Thiết kế hiện đại.',0,1,9,2,'2026-04-13 10:39:09',NULL),(130,'Nothing Phone 3A Pro',1,'/img/phones/nothing phone/Nothing Phone 3A Pro.webp',13990000,12990000,10.00,15,12,0,'Phiên bản cao cấp hơn với hiệu năng mạnh. Camera tốt.',0,1,9,2,'2026-04-13 10:39:09',NULL),(131,'Nubia A36 4GB 64GB',-1,'/img/phones/nubia/Nubia A36 4GB 64GB.webp',2490000,2190000,10.00,18,12,0,'Mẫu máy giá rẻ với cấu hình cơ bản. Phù hợp nhu cầu học tập và sử dụng nhẹ.',0,1,11,1,'2026-04-13 10:40:06','2026-05-19 00:50:15'),(132,'Nubia Air 5G 8GB 256GB',1,'/img/phones/nubia/Nubia Air 5G 8GB 256GB.webp',4990000,4590000,10.00,20,12,0,'Hỗ trợ 5G, hiệu năng ổn định. Thiết kế hiện đại.',0,1,11,1,'2026-04-13 10:40:06',NULL),(133,'Nubia Neo 2 5G',1,'/img/phones/nubia/Nubia Neo 2 5G.webp',5490000,4990000,10.00,17,12,0,'Dòng gaming giá tốt với hiệu năng mạnh. Thiết kế hầm hố.',0,1,11,1,'2026-04-13 10:40:06',NULL),(134,'Nubia Neo 3 4G 8GB 128GB',1,'/img/phones/nubia/Nubia Neo 3 4G 8GB 128GB.webp',3790000,3390000,10.00,21,12,0,'Hiệu năng ổn định, phù hợp nhu cầu cơ bản.',0,1,11,1,'2026-04-13 10:40:06',NULL),(135,'Nubia Neo 3 5G 8GB 256GB',1,'/img/phones/nubia/Nubia Neo 3 5G 8GB 256GB.webp',4990000,4590000,10.00,16,12,0,'Hiệu năng tốt trong phân khúc. Hỗ trợ 5G.',0,1,11,1,'2026-04-13 10:40:06',NULL),(136,'Nubia Neo 3 GT 12GB 256GB',1,'/img/phones/nubia/Nubia Neo 3 GT 12GB 256GB.webp',6290000,5790000,10.00,15,12,0,'Phiên bản cao cấp với RAM lớn. Phù hợp gaming.',0,1,11,1,'2026-04-13 10:40:06',NULL),(137,'Nubia Red Magic 7 Pro',1,'/img/phones/nubia/Nubia Red Magic 7 Pro.webp',14990000,13990000,10.00,14,12,0,'Dòng gaming cao cấp với hiệu năng mạnh mẽ. Thiết kế độc đáo.',0,1,11,1,'2026-04-13 10:40:06',NULL),(138,'Nubia Red Magic 7S',1,'/img/phones/nubia/Nubia Red Magic 7S.webp',13990000,12990000,10.00,13,12,0,'Máy gaming mạnh mẽ với thiết kế hầm hố.',0,1,11,1,'2026-04-13 10:40:06',NULL),(139,'Nubia Red Magic 9 Pro',1,'/img/phones/nubia/Nubia Red Magic 9 Pro.webp',18990000,17990000,10.00,18,12,1,'Flagship gaming với hiệu năng cực mạnh. Camera tốt.',0,1,11,1,'2026-04-13 10:40:06','2026-05-17 18:17:06'),(140,'Nubia RedMagic 8S Pro 5G 12GB 256GB',1,'/img/phones/nubia/Nubia RedMagic 8S Pro 5G 12GB 256GB.webp',16990000,15990000,10.00,18,12,0,'Dòng gaming mạnh với cấu hình cao. Trải nghiệm mượt.',0,1,11,1,'2026-04-13 10:40:06',NULL),(141,'Nubia Redmagic 8s Pro 16GB 512GB Transparent',1,'/img/phones/nubia/Nubia Redmagic 8s Pro 16GB 512GB Transparent.webp',19990000,18990000,10.00,12,12,0,'Phiên bản trong suốt độc đáo. Hiệu năng cực mạnh.',0,1,11,1,'2026-04-13 10:40:06',NULL),(142,'Nubia V60 Design 6GB 256GB',1,'/img/phones/nubia/Nubia V60 Design 6GB 256GB.webp',3990000,3590000,10.00,23,12,0,'Máy thiết kế đẹp, hiệu năng ổn định. Phù hợp phổ thông.',0,1,11,1,'2026-04-13 10:40:06',NULL),(143,'Nubia V70 Design 8GB 128GB',1,'/img/phones/nubia/Nubia V70 Design 8GB 128GB.webp',4490000,4090000,10.00,20,12,0,'Thiết kế đẹp, cấu hình ổn trong tầm giá.',0,1,11,1,'2026-04-13 10:40:06',NULL),(144,'Nubia V70 Max 4GB 128GB',1,'/img/phones/nubia/Nubia V70 Max 4GB 128GB.webp',3290000,2890000,10.00,25,12,0,'Pin lớn, màn hình rộng. Phù hợp giải trí.',0,1,11,1,'2026-04-13 10:40:06',NULL),(145,'Nubia V70 Max 6GB 128GB',1,'/img/phones/nubia/Nubia V70 Max 6GB 128GB.webp',3590000,3190000,10.00,22,12,0,'Phiên bản RAM cao hơn, đa nhiệm tốt.',0,1,11,1,'2026-04-13 10:40:06',NULL),(146,'Nubia V80 Design 8GB 128GB',1,'/img/phones/nubia/Nubia V80 Design 8GB 128GB.webp',4990000,4590000,10.00,19,12,0,'Thiết kế đẹp, hiệu năng ổn định.',0,1,11,1,'2026-04-13 10:40:06',NULL),(147,'Nubia V80 Max 8GB 128GB',1,'/img/phones/nubia/Nubia V80 Max 8GB 128GB.webp',5290000,4890000,10.00,18,12,0,'Màn hình lớn, pin tốt.',0,1,11,1,'2026-04-13 10:40:06',NULL),(148,'Nubia V80 Max 8GB 256GB',1,'/img/phones/nubia/Nubia V80 Max 8GB 256GB.webp',5790000,5390000,10.00,16,12,0,'Dung lượng cao, sử dụng mượt.',0,1,11,1,'2026-04-13 10:40:06',NULL),(149,'Nubia Z40S Pro',1,'/img/phones/nubia/Nubia Z40S Pro.webp',12990000,11990000,10.00,14,12,0,'Flagship mạnh mẽ, camera tốt.',0,1,11,1,'2026-04-13 10:40:06',NULL),(150,'Nubia Z70 Ultra 5G 12GB 256GB',1,'/img/phones/nubia/Nubia Z70 Ultra 5G 12GB 256GB.webp',18990000,17990000,10.00,13,12,0,'Dòng cao cấp với hiệu năng mạnh.',0,1,11,1,'2026-04-13 10:40:06',NULL),(151,'Nubia Z70S Ultra 5G 12GB 256GB',1,'/img/phones/nubia/Nubia Z70S Ultra 5G 12GB 256GB.webp',19990000,18990000,10.00,12,12,0,'Phiên bản nâng cấp với hiệu năng tốt hơn.',0,1,11,1,'2026-04-13 10:40:06',NULL),(152,'Red Magic 7S Pro',1,'/img/phones/nubia/Red Magic 7S Pro.webp',14990000,13990000,10.00,15,12,0,'Máy gaming mạnh mẽ, thiết kế hầm hố.',0,1,11,1,'2026-04-13 10:40:06',NULL),(153,'ZTE Nubia Z60 Ultra',1,'/img/phones/nubia/ZTE Nubia Z60 Ultra.webp',17990000,16990000,10.00,14,12,0,'Flagship cao cấp, hiệu năng mạnh.',0,1,11,1,'2026-04-13 10:40:06',NULL),(154,'ZTE Nubia Z60S Pro 12GB 256GB',1,'/img/phones/nubia/ZTE Nubia Z60S Pro 12GB 256GB.webp',15990000,14990000,10.00,13,12,0,'Hiệu năng mạnh, camera tốt.',0,1,11,1,'2026-04-13 10:40:06',NULL),(155,'ZTE Nubia Z60S Pro 16GB 512GB',1,'/img/phones/nubia/ZTE Nubia Z60S Pro 16GB 512GB.webp',17990000,16990000,10.00,12,12,0,'RAM lớn, dung lượng cao. Trải nghiệm tốt.',0,1,11,1,'2026-04-13 10:40:06',NULL),(156,'OPPO A3 6GB 128GB',1,'/img/phones/oppo/OPPO A3 6GB 128GB.webp',4990000,4490000,10.00,18,12,0,'Mẫu máy phổ thông có thiết kế đẹp và pin tốt. Phù hợp cho học tập, làm việc và giải trí cơ bản.',0,1,4,4,'2026-04-13 10:40:33',NULL),(157,'OPPO A3 8GB 256GB',1,'/img/phones/oppo/OPPO A3 8GB 256GB.webp',5990000,5490000,10.00,21,12,0,'Phiên bản bộ nhớ lớn hơn cho nhu cầu lưu trữ thoải mái. Máy chạy ổn định và pin dùng lâu.',0,1,4,4,'2026-04-13 10:40:33',NULL),(158,'OPPO A3X 6GB 128GB',1,'/img/phones/oppo/OPPO A3X 6GB 128GB.webp',4690000,4190000,10.00,20,12,0,'Máy có thiết kế trẻ trung, hiệu năng ổn định trong tầm giá. Phù hợp sử dụng hằng ngày.',0,1,4,4,'2026-04-13 10:40:33',NULL),(159,'OPPO A5i 4GB 64GB',1,'/img/phones/oppo/OPPO A5i 4GB 64GB.webp',3490000,2990000,10.00,19,12,0,'Smartphone giá tốt với thiết kế gọn và pin ổn. Đáp ứng tốt nhu cầu cơ bản.',0,1,4,4,'2026-04-13 10:40:33',NULL),(160,'OPPO A5i 4GB 128GB',1,'/img/phones/oppo/OPPO A5i 4GB 128GB.webp',3890000,3390000,10.00,24,12,0,'Bản dung lượng cao hơn giúp lưu trữ thoải mái hơn. Máy vận hành mượt trong nhu cầu thường ngày.',0,1,4,4,'2026-04-13 10:40:33',NULL),(161,'OPPO A5i 6GB 128GB',1,'/img/phones/oppo/OPPO A5i 6GB 128GB.webp',4290000,3790000,10.00,17,12,0,'RAM cao hơn giúp đa nhiệm tốt hơn. Phù hợp người dùng cần máy ổn định và pin tốt.',0,1,4,4,'2026-04-13 10:40:33',NULL),(162,'OPPO A5i Pro 8GB 128GB',1,'/img/phones/oppo/OPPO A5i Pro 8GB 128GB.webp',5490000,4990000,10.00,16,12,0,'Phiên bản Pro có cấu hình tốt hơn, sử dụng mượt mà. Thiết kế đẹp và đáp ứng tốt nhiều nhu cầu.',0,1,4,4,'2026-04-13 10:40:33',NULL),(163,'OPPO A6 Pro 8GB 128GB',1,'/img/phones/oppo/OPPO A6 Pro 8GB 128GB.webp',6290000,5790000,10.00,18,12,0,'Mẫu máy có thiết kế nổi bật, hiệu năng ổn định. Camera và màn hình đáp ứng tốt nhu cầu giải trí.',0,1,4,4,'2026-04-13 10:40:33',NULL),(164,'OPPO A6 Pro 8GB 256GB',1,'/img/phones/oppo/OPPO A6 Pro 8GB 256GB.webp',6990000,6490000,10.00,15,12,0,'Phiên bản bộ nhớ lớn cho trải nghiệm lưu trữ tốt hơn. Máy hoạt động mượt và pin khá tốt.',0,1,4,4,'2026-04-13 10:40:33',NULL),(165,'OPPO A6t 4GB 64GB',1,'/img/phones/oppo/OPPO A6t 4GB 64GB.webp',3190000,2790000,10.00,23,12,0,'Máy giá rẻ dễ tiếp cận, phù hợp người dùng cơ bản. Thiết kế hiện đại và dùng ổn định.',0,1,4,4,'2026-04-13 10:40:33',NULL),(166,'OPPO A6t 4GB 128GB',1,'/img/phones/oppo/OPPO A6t 4GB 128GB.webp',3590000,3190000,10.00,22,12,0,'Bản dung lượng cao hơn giúp thoải mái lưu trữ ảnh và ứng dụng. Máy phù hợp cho nhu cầu phổ thông.',0,1,4,4,'2026-04-13 10:40:33',NULL),(167,'OPPO A6t 6GB 256GB',1,'/img/phones/oppo/OPPO A6t 6GB 256GB.webp',4490000,3990000,10.00,14,12,0,'RAM và bộ nhớ lớn hơn giúp đa nhiệm và lưu trữ tốt hơn. Trải nghiệm sử dụng ổn định.',0,1,4,4,'2026-04-13 10:40:33',NULL),(168,'OPPO A17K',1,'/img/phones/oppo/OPPO A17K.webp',2990000,2590000,10.00,26,12,0,'Mẫu máy giá rẻ với pin lớn và thiết kế gọn gàng. Phù hợp nghe gọi, lướt web và học tập.',0,1,4,4,'2026-04-13 10:40:33',NULL),(169,'OPPO A18 4GB 64GB',1,'/img/phones/oppo/OPPO A18 4GB 64GB.webp',3290000,2890000,10.00,20,12,0,'Smartphone phổ thông với giao diện dễ dùng. Pin tốt, đáp ứng nhu cầu hằng ngày.',0,1,4,4,'2026-04-13 10:40:33',NULL),(170,'Oppo A31',1,'/img/phones/oppo/Oppo A31.webp',3790000,3390000,10.00,19,12,0,'Máy có thiết kế trẻ trung, dễ dùng. Phù hợp cho người cần một thiết bị ổn định trong tầm giá.',0,1,4,4,'2026-04-13 10:40:33',NULL),(171,'Oppo A32',1,'/img/phones/oppo/Oppo A32.webp',4290000,3890000,10.00,18,12,0,'Màn hình lớn và pin trâu là điểm mạnh của máy. Trải nghiệm cơ bản khá ổn định.',0,1,4,4,'2026-04-13 10:40:33',NULL),(172,'Oppo A52',1,'/img/phones/oppo/Oppo A52.webp',4990000,4490000,10.00,21,12,0,'Máy có màn hình lớn, pin tốt và thiết kế hiện đại. Phù hợp giải trí và làm việc nhẹ.',0,1,4,4,'2026-04-13 10:40:33',NULL),(173,'OPPO A58 4G 6GB 128GB',1,'/img/phones/oppo/OPPO A58 4G 6GB 128GB.webp',4990000,4490000,10.00,16,12,0,'Mẫu máy phổ thông có loa lớn, pin tốt và sạc nhanh. Phù hợp nhu cầu hằng ngày.',0,1,4,4,'2026-04-13 10:40:33',NULL),(174,'OPPO A58 8GB 128GB',1,'/img/phones/oppo/OPPO A58 8GB 128GB.webp',5490000,4990000,10.00,17,12,0,'Phiên bản RAM cao hơn cho khả năng đa nhiệm tốt hơn. Thiết kế đẹp và sử dụng ổn định.',0,1,4,4,'2026-04-13 10:40:33',NULL),(175,'OPPO A78 4G 8GB 256GB',1,'/img/phones/oppo/OPPO A78 4G 8GB 256GB.webp',6990000,6490000,10.00,15,12,0,'Máy có sạc nhanh, màn hình đẹp và hiệu năng khá. Bộ nhớ lớn phù hợp lưu trữ nhiều.',0,1,4,4,'2026-04-13 10:40:33',NULL),(176,'OPPO A79 5G 8GB 256GB',1,'/img/phones/oppo/OPPO A79 5G 8GB 256GB.webp',7990000,7490000,10.00,19,12,0,'Hỗ trợ 5G, hiệu năng ổn định và dung lượng lớn. Thiết kế hiện đại, phù hợp nhiều nhu cầu.',0,1,4,4,'2026-04-13 10:40:33',NULL),(177,'Oppo A92',1,'/img/phones/oppo/Oppo A92.webp',6490000,5990000,10.00,18,12,0,'Mẫu máy tầm trung với màn hình lớn và pin tốt. Hiệu năng ổn định cho nhu cầu hằng ngày.',0,1,4,4,'2026-04-13 10:40:33',NULL),(178,'Oppo F11 Pro 128GB',1,'/img/phones/oppo/Oppo F11 Pro 128GB.webp',6990000,6490000,10.00,14,12,0,'Camera selfie thò thụt tạo điểm nhấn khác biệt. Máy vẫn đáp ứng tốt các nhu cầu phổ biến.',0,1,4,4,'2026-04-13 10:40:33',NULL),(179,'OPPO Find N3 16GB 512GB',1,'/img/phones/oppo/OPPO Find N3 16GB 512GB.webp',41990000,38990000,10.00,12,12,0,'Mẫu điện thoại gập cao cấp với hiệu năng mạnh và màn hình đẹp. Phù hợp người dùng cao cấp.',0,1,4,4,'2026-04-13 10:40:33','2026-05-16 22:25:14'),(180,'OPPO Find N3 Flip 12GB 256GB',1,'/img/phones/oppo/OPPO Find N3 Flip 12GB 256GB.webp',22990000,20990000,10.00,15,12,0,'Điện thoại gập dọc sang trọng, camera tốt và thiết kế nổi bật. Trải nghiệm gọn nhẹ, hiện đại.',0,1,4,4,'2026-04-13 10:40:33',NULL),(181,'OPPO Find N5 16GB 512GB',1,'/img/phones/oppo/OPPO Find N5 16GB 512GB.webp',44990000,42990000,10.00,16,12,0,'Phiên bản gập cao cấp mới hơn với cấu hình mạnh mẽ. Thiết kế đẹp và trải nghiệm cao cấp.',0,1,4,4,'2026-04-13 10:40:33',NULL),(182,'OPPO Find N6 16GB 512GB',1,'/img/phones/oppo/OPPO Find N6 16GB 512GB.webp',46990000,44990000,10.00,13,12,1,'Dòng gập đầu bảng với hiệu năng và màn hình rất tốt. Phù hợp người dùng yêu cầu cao.',0,1,4,4,'2026-04-13 10:40:33','2026-05-15 21:15:40'),(183,'OPPO Find X5 Pro 5G 12GB 256GB',1,'/img/phones/oppo/OPPO Find X5 Pro 5G 12GB 256GB.webp',26990000,24990000,10.00,17,12,0,'Flagship với camera chất lượng cao và hiệu năng mạnh. Thiết kế sang trọng và màn hình đẹp.',0,1,4,4,'2026-04-13 10:40:33',NULL),(184,'OPPO Find X8 16GB 512GB',1,'/img/phones/oppo/OPPO Find X8 16GB 512GB.webp',25990000,23990000,10.00,18,12,0,'Mẫu flagship mới với bộ nhớ lớn và hiệu năng rất mạnh. Camera tốt, thiết kế đẹp.',0,1,4,4,'2026-04-13 10:40:33',NULL),(185,'OPPO Find X8 Pro 5G 16GB 512GB',1,'/img/phones/oppo/OPPO Find X8 Pro 5G 16GB 512GB.webp',31990000,29990000,10.00,13,12,0,'Phiên bản Pro cao cấp với camera tốt hơn và hiệu năng mạnh. Phù hợp người dùng cao cấp.',0,1,4,4,'2026-04-13 10:40:33',NULL),(186,'OPPO Find X9 12GB 256GB',1,'/img/phones/oppo/OPPO Find X9 12GB 256GB.webp',27990000,25990000,10.00,22,12,0,'Flagship thế hệ mới với cấu hình mạnh. Trải nghiệm mượt và thiết kế hiện đại.',0,1,4,4,'2026-04-13 10:40:33',NULL),(187,'OPPO Find X9 16GB 512GB',1,'/img/phones/oppo/OPPO Find X9 16GB 512GB.webp',32990000,30990000,10.00,17,12,0,'RAM lớn và bộ nhớ cao giúp máy xử lý mạnh mẽ. Camera và màn hình thuộc nhóm cao cấp.',0,1,4,4,'2026-04-13 10:40:33',NULL),(188,'OPPO Find X9 Pro 16GB 512GB',1,'/img/phones/oppo/OPPO Find X9 Pro 16GB 512GB.webp',36990000,34990000,10.00,15,12,0,'Phiên bản Pro với hiệu năng cực mạnh và camera nổi bật. Trải nghiệm cao cấp toàn diện.',0,1,4,4,'2026-04-13 10:40:33',NULL),(189,'OPPO Find X9 Ultra',1,'/img/phones/oppo/OPPO Find X9 Ultra.webp',39990000,37990000,10.00,12,12,1,'Mẫu Ultra cao cấp nhất với camera và hiệu năng hàng đầu. Thiết kế sang trọng, mạnh mẽ.',0,1,4,4,'2026-04-13 10:40:33','2026-05-15 20:46:34'),(190,'OPPO Find X9s',1,'/img/phones/oppo/OPPO Find X9s.webp',29990000,27990000,10.00,20,12,0,'Bản nâng cấp cân bằng giữa hiệu năng và thiết kế. Máy phù hợp nhu cầu cao cấp.',0,1,4,4,'2026-04-13 10:40:33',NULL),(191,'OPPO Reno10 5G 8GB 256GB',1,'/img/phones/oppo/OPPO Reno10 5G 8GB 256GB.webp',10990000,9990000,10.00,23,12,0,'Máy tầm trung đẹp mắt, hỗ trợ 5G và có camera ổn. Phù hợp học tập, làm việc và giải trí.',0,1,4,4,'2026-04-13 10:40:33',NULL),(192,'OPPO Reno10 Pro+ 5G 12GB 256GB',1,'/img/phones/oppo/OPPO Reno10 Pro+ 5G 12GB 256GB.webp',16990000,15990000,10.00,16,12,0,'Phiên bản Pro+ với camera tốt và hiệu năng mạnh. Thiết kế mỏng đẹp, trải nghiệm tốt.',0,1,4,4,'2026-04-13 10:40:33',NULL),(193,'OPPO Reno12 5G 12GB 256GB',1,'/img/phones/oppo/OPPO Reno12 5G 12GB 256GB.webp',12990000,11990000,10.00,19,12,0,'Dòng Reno mới với thiết kế đẹp và hỗ trợ 5G. Máy hoạt động mượt, pin khá tốt.',0,1,4,4,'2026-04-13 10:40:33',NULL),(194,'OPPO Reno12 F 4G 8GB 256GB',1,'/img/phones/oppo/OPPO Reno12 F 4G 8GB 256GB.webp',8990000,8290000,10.00,24,12,0,'Phiên bản 4G có thiết kế đẹp và bộ nhớ lớn. Đáp ứng tốt nhu cầu hằng ngày.',0,1,4,4,'2026-04-13 10:40:33',NULL),(195,'OPPO Reno12 F 5G 8GB 256GB',1,'/img/phones/oppo/OPPO Reno12 F 5G 8GB 256GB.webp',9990000,9290000,10.00,21,12,0,'Hỗ trợ 5G, thiết kế trẻ trung và hiệu năng ổn định. Phù hợp người dùng phổ thông nâng cao.',0,1,4,4,'2026-04-13 10:40:33',NULL),(196,'OPPO Reno12 F 5G 12GB-256GB',1,'/img/phones/oppo/OPPO Reno12 F 5G 12GB-256GB.webp',10990000,10290000,10.00,18,12,0,'Phiên bản RAM cao hơn cho khả năng đa nhiệm tốt hơn. Thiết kế đẹp, hỗ trợ 5G và bộ nhớ lớn.',0,1,4,4,'2026-04-13 10:40:33',NULL),(197,'OPPO Reno13 F 5G 12GB 256GB',1,'/img/phones/oppo/OPPO Reno13 F 5G 12GB 256GB.webp',10990000,10290000,10.00,17,12,0,'Phiên bản 5G với RAM cao, thiết kế đẹp và hoạt động mượt mà. Phù hợp đa nhiệm tốt.',0,1,4,4,'2026-04-13 10:40:33',NULL),(198,'OPPO Reno13 F 8GB 256GB',1,'/img/phones/oppo/OPPO Reno13 F 8GB 256GB.webp',9990000,9290000,10.00,16,12,0,'Máy có bộ nhớ lớn, thiết kế hiện đại và hiệu năng khá. Đáp ứng tốt nhu cầu sử dụng hằng ngày.',0,1,4,4,'2026-04-13 10:40:33',NULL),(199,'OPPO Reno13F 4G - 8GB-128GB',1,'/img/phones/oppo/OPPO Reno13F 4G - 8GB-128GB.webp',8490000,7790000,10.00,20,12,0,'Phiên bản 4G với cấu hình cân bằng và thiết kế đẹp mắt. Phù hợp người dùng thích sự ổn định.',0,1,4,4,'2026-04-13 10:40:33',NULL),(200,'OPPO Reno13F 4G 12GB - 256GB',1,'/img/phones/oppo/OPPO Reno13F 4G 12GB - 256GB.webp',9490000,8790000,10.00,18,12,0,'RAM cao và bộ nhớ lớn giúp máy vận hành mượt. Thiết kế đẹp, dễ sử dụng.',0,1,4,4,'2026-04-13 10:40:33',NULL),(201,'OPPO Reno13F 4G 12GB-512GB',1,'/img/phones/oppo/OPPO Reno13F 4G 12GB-512GB.webp',10490000,9790000,10.00,14,12,0,'Phiên bản lưu trữ lớn dành cho người cần nhiều không gian dữ liệu. Máy hoạt động ổn định.',0,1,4,4,'2026-04-13 10:40:33',NULL),(202,'OPPO Reno13F 5G 8GB-128GB',1,'/img/phones/oppo/OPPO Reno13F 5G 8GB-128GB.webp',9490000,8790000,10.00,22,12,0,'Phiên bản 5G với thiết kế đẹp và hiệu năng ổn định. Phù hợp dùng lâu dài.',0,1,4,4,'2026-04-13 10:40:33',NULL),(203,'OPPO Reno13F 5G 8GB-256GB',1,'/img/phones/oppo/OPPO Reno13F 5G 8GB-256GB.webp',9990000,9290000,10.00,19,12,0,'Bộ nhớ lớn hơn giúp lưu trữ thoải mái. Máy mượt mà và kết nối 5G tiện lợi.',0,1,4,4,'2026-04-13 10:40:33',NULL),(204,'OPPO Reno13F 5G 12GB-512GB',1,'/img/phones/oppo/OPPO Reno13F 5G 12GB-512GB.webp',11490000,10790000,10.00,15,12,0,'Phiên bản cao cấp trong dòng F với RAM và bộ nhớ lớn. Trải nghiệm đa nhiệm tốt.',0,1,4,4,'2026-04-13 10:40:33',NULL),(205,'OPPO Reno14 5G 12GB 256GB',1,'/img/phones/oppo/OPPO Reno14 5G 12GB 256GB.webp',12990000,12290000,10.00,18,12,0,'Mẫu Reno mới với thiết kế đẹp, hỗ trợ 5G và hiệu năng khá mạnh. Camera đáp ứng tốt nhu cầu chụp ảnh.',0,1,4,4,'2026-04-13 10:40:33',NULL),(206,'OPPO Reno14 F 5G 8GB 256GB',1,'/img/phones/oppo/OPPO Reno14 F 5G 8GB 256GB.webp',10990000,10290000,10.00,17,12,0,'Máy có ngoại hình trẻ trung, hỗ trợ 5G và bộ nhớ lớn. Phù hợp học tập, giải trí và làm việc.',0,1,4,4,'2026-04-13 10:40:33',NULL),(207,'OPPO Reno15 5G 12GB 256GB',1,'/img/phones/oppo/OPPO Reno15 5G 12GB 256GB.webp',13990000,13290000,10.00,15,12,1,'Phiên bản mới với hiệu năng tốt và thiết kế sang. Máy phù hợp người dùng thích sự ổn định, hiện đại.',0,1,4,4,'2026-04-13 10:40:33','2026-05-08 20:48:42'),(208,'OPPO Reno15 F 5G 8GB 256GB',1,'/img/phones/oppo/OPPO Reno15 F 5G 8GB 256GB.webp',11990000,11290000,10.00,10,12,0,'Dòng F mới với thiết kế đẹp và hỗ trợ 5G. Bộ nhớ lớn, sử dụng mượt mà trong nhiều tác vụ.',0,1,4,4,'2026-04-13 10:40:33','2026-05-12 16:14:24'),(209,'Realme 9 SE 5G',1,'/img/phones/realme/Realme 9 SE 5G.webp',6990000,6490000,10.00,20,12,0,'Máy 5G hiệu năng ổn định, phù hợp học tập và giải trí.',0,1,6,3,'2026-04-13 19:31:20',NULL),(210,'realme 10 8GB 256GB',1,'/img/phones/realme/realme 10 8GB 256GB.webp',5990000,5490000,10.00,18,12,0,'Thiết kế đẹp, bộ nhớ lớn, dùng mượt.',0,1,6,3,'2026-04-13 19:31:20',NULL),(211,'realme 10 Pro Plus',1,'/img/phones/realme/realme 10 Pro Plus.webp',8990000,8490000,10.00,15,12,0,'Màn hình cong đẹp, hiệu năng tốt.',0,1,6,3,'2026-04-13 19:31:20',NULL),(212,'realme 11 8GB 128GB',1,'/img/phones/realme/realme 11 8GB 128GB.webp',6490000,5990000,10.00,17,12,0,'Máy tầm trung với thiết kế hiện đại.',0,1,6,3,'2026-04-13 19:31:20',NULL),(213,'realme 13+ 5G 8GB 256GB',1,'/img/phones/realme/realme 13+ 5G 8GB 256GB.webp',7990000,7490000,10.00,16,12,0,'Hỗ trợ 5G, hiệu năng ổn định.',0,1,6,3,'2026-04-13 19:31:20',NULL),(214,'Realme 13+ 5G 12GB 256GB',1,'/img/phones/realme/realme 13+ 5G 12GB 256GB.webp',8490000,7990000,10.00,14,12,0,'RAM cao, đa nhiệm tốt.',0,1,6,3,'2026-04-13 19:31:20',NULL),(215,'realme C60 4GB 64GB',1,'/img/phones/realme/realme C60 4GB 64GB.webp',3490000,2990000,10.00,25,12,0,'Máy giá rẻ, pin tốt.',0,1,6,3,'2026-04-13 19:31:20',NULL),(216,'realme C67 8GB 256GB',1,'/img/phones/realme/realme C67 8GB 256GB.webp',4990000,4490000,10.00,22,12,0,'Dung lượng lớn, dùng mượt.',0,1,6,3,'2026-04-13 19:31:20',NULL),(217,'realme GT Neo 5',1,'/img/phones/realme/realme GT Neo 5.webp',10990000,9990000,10.00,13,12,1,'Máy gaming hiệu năng cao.',0,1,6,3,'2026-04-13 19:31:20',NULL),(218,'Realme GT3',1,'/img/phones/realme/Realme GT3.webp',12990000,11990000,10.00,12,12,0,'Sạc siêu nhanh, hiệu năng mạnh.',0,1,6,3,'2026-04-13 19:31:20',NULL),(219,'realme Narzo 50',1,'/img/phones/realme/realme Narzo 50.webp',3990000,3490000,10.00,21,12,0,'Máy phổ thông, pin tốt.',0,1,6,3,'2026-04-13 19:31:20',NULL),(220,'Samsung Galaxy A04s (4GB - 64GB)',1,'/img/phones/samsung/Samsung Galaxy A04s (4GB - 64GB).webp',3490000,2990000,10.00,18,12,0,'Mẫu máy phổ thông với pin lớn và thiết kế dễ dùng. Phù hợp cho các nhu cầu cơ bản hằng ngày.',0,1,1,4,'2026-04-13 19:32:05',NULL),(221,'Samsung Galaxy A05S 6GB 128GB',1,'/img/phones/samsung/Samsung Galaxy A05S 6GB 128GB.webp',4290000,3790000,10.00,20,12,0,'Máy có màn hình lớn, hiệu năng ổn định và pin tốt. Phù hợp học tập và giải trí nhẹ.',0,1,1,4,'2026-04-13 19:32:05',NULL),(222,'Samsung Galaxy A06 4GB 128GB',1,'/img/phones/samsung/Samsung Galaxy A06 4GB 128GB.webp',3190000,2790000,10.00,22,12,0,'Smartphone giá tốt với giao diện dễ dùng. Pin lớn và đáp ứng ổn các tác vụ cơ bản.',0,1,1,4,'2026-04-13 19:32:05',NULL),(223,'Samsung Galaxy A06 5G 4GB 128GB',1,'/img/phones/samsung/Samsung Galaxy A06 5G 4GB 128GB.webp',3790000,3390000,10.00,19,12,0,'Phiên bản hỗ trợ 5G cho kết nối nhanh hơn. Thiết kế gọn và sử dụng ổn định trong tầm giá.',0,1,1,4,'2026-04-13 19:32:05',NULL),(224,'Samsung Galaxy A07 4GB 128GB',1,'/img/phones/samsung/Samsung Galaxy A07 4GB 128GB.webp',3590000,3190000,10.00,17,12,0,'Mẫu máy phổ thông mới với màn hình lớn và pin bền. Phù hợp người dùng cần máy dễ sử dụng.',0,1,1,4,'2026-04-13 19:32:05',NULL),(225,'Samsung Galaxy A07 5G 4GB 128GB',1,'/img/phones/samsung/Samsung Galaxy A07 5G 4GB 128GB.webp',4190000,3790000,10.00,21,12,0,'Bổ sung kết nối 5G giúp trải nghiệm mạng tốt hơn. Hiệu năng ổn định cho nhu cầu hằng ngày.',0,1,1,4,'2026-04-13 19:32:05',NULL),(226,'Samsung Galaxy A07 8GB 256GB',1,'/img/phones/samsung/Samsung Galaxy A07 8GB 256GB.webp',4990000,4490000,10.00,15,12,0,'Phiên bản RAM và bộ nhớ lớn hơn cho khả năng đa nhiệm tốt. Phù hợp người cần lưu trữ nhiều.',0,1,1,4,'2026-04-13 19:32:05',NULL),(227,'Samsung Galaxy A15 5G',1,'/img/phones/samsung/Samsung Galaxy A15 5G.webp',6290000,5790000,10.00,23,12,0,'Mẫu máy tầm trung có màn hình đẹp và hỗ trợ 5G. Hiệu năng ổn định, pin tốt.',0,1,1,4,'2026-04-13 19:32:05',NULL),(228,'Samsung Galaxy A15 LTE 8GB 128GB',1,'/img/phones/samsung/Samsung Galaxy A15 LTE 8GB 128GB.webp',5490000,4990000,10.00,16,12,0,'Phiên bản 4G với RAM cao, sử dụng mượt trong nhiều tác vụ cơ bản. Thiết kế hiện đại và dễ dùng.',0,1,1,4,'2026-04-13 19:32:05',NULL),(229,'Samsung Galaxy A16 5G 8GB 128GB',1,'/img/phones/samsung/Samsung Galaxy A16 5G 8GB 128GB.webp',6790000,6290000,10.00,24,12,0,'Máy hỗ trợ 5G, có màn hình lớn và hiệu năng ổn định. Phù hợp học tập, làm việc và giải trí.',0,1,1,4,'2026-04-13 19:32:05',NULL),(230,'Samsung Galaxy A16 5G 8GB 256GB',1,'/img/phones/samsung/Samsung Galaxy A16 5G 8GB 256GB.webp',7490000,6990000,10.00,18,12,0,'Phiên bản dung lượng lớn cho nhu cầu lưu trữ tốt hơn. Trải nghiệm tổng thể ổn định và mượt mà.',0,1,1,4,'2026-04-13 19:32:05',NULL),(231,'Samsung Galaxy A16 LTE 4GB 128GB',1,'/img/phones/samsung/Samsung Galaxy A16 LTE 4GB 128GB.webp',4890000,4390000,10.00,20,12,0,'Phiên bản LTE giá dễ tiếp cận, phù hợp cho nhu cầu cơ bản. Pin tốt và giao diện dễ sử dụng.',0,1,1,4,'2026-04-13 19:32:05',NULL),(232,'Samsung Galaxy A17 5G 8GB 128GB',1,'/img/phones/samsung/Samsung Galaxy A17 5G 8GB 128GB.webp',7290000,6790000,10.00,17,12,0,'Mẫu máy mới có kết nối 5G, hiệu năng khá và bộ nhớ tốt. Phù hợp người dùng phổ thông nâng cao.',0,1,1,4,'2026-04-13 19:32:05',NULL),(233,'Samsung Galaxy A17 8GB 128GB',1,'/img/phones/samsung/Samsung Galaxy A17 8GB 128GB.webp',6390000,5890000,10.00,19,12,0,'Bản 4G với RAM 8GB cho khả năng đa nhiệm tốt. Thiết kế hiện đại, dùng ổn định.',0,1,1,4,'2026-04-13 19:32:05',NULL),(234,'Samsung Galaxy A21s 6GB',1,'/img/phones/samsung/Samsung Galaxy A21s 6GB.webp',4590000,3990000,10.00,14,12,0,'Mẫu máy quen thuộc với pin tốt và màn hình lớn. Đáp ứng ổn các nhu cầu hằng ngày.',0,1,1,4,'2026-04-13 19:32:05',NULL),(235,'Samsung Galaxy A23 4G',1,'/img/phones/samsung/Samsung Galaxy A23 4G.webp',5390000,4890000,10.00,22,12,0,'Máy có hiệu năng ổn định, camera tốt trong tầm giá. Phù hợp học tập, xem phim và mạng xã hội.',0,1,1,4,'2026-04-13 19:32:05',NULL),(236,'Samsung Galaxy A25 5G 6GB 128GB',1,'/img/phones/samsung/Samsung Galaxy A25 5G 6GB 128GB.webp',6990000,6490000,10.00,21,12,0,'Mẫu máy 5G được nhiều người dùng lựa chọn nhờ màn hình đẹp và hiệu năng khá. Trải nghiệm mượt mà.',0,1,1,4,'2026-04-13 19:32:05',NULL),(237,'Samsung Galaxy A26 5G 8GB 128GB',1,'/img/phones/samsung/Samsung Galaxy A26 5G 8GB 128GB.webp',7790000,7290000,10.00,16,12,0,'Dòng máy mới với kết nối 5G và cấu hình cân bằng. Phù hợp người dùng thích sự ổn định.',0,1,1,4,'2026-04-13 19:32:05',NULL),(238,'Samsung Galaxy A34 5G 8GB 128GB',1,'/img/phones/samsung/Samsung Galaxy A34 5G 8GB 128GB.webp',8490000,7990000,10.00,18,12,0,'Máy có màn hình Super AMOLED đẹp, hiệu năng tốt và pin bền. Đây là lựa chọn tầm trung đáng chú ý.',0,1,1,4,'2026-04-13 19:32:05',NULL),(239,'Samsung Galaxy A34 5G 8GB 256GB',1,'/img/phones/samsung/Samsung Galaxy A34 5G 8GB 256GB.webp',9290000,8790000,10.00,15,12,0,'Phiên bản bộ nhớ cao giúp lưu trữ thoải mái hơn. Máy chạy ổn định, phù hợp sử dụng lâu dài.',0,1,1,4,'2026-04-13 19:32:05',NULL),(240,'Samsung Galaxy A35 5G 8GB-256GB',1,'/img/phones/samsung/Samsung Galaxy A35 5G 8GB-256GB.webp',9990000,9490000,10.00,20,12,0,'Mẫu A-series nổi bật với thiết kế đẹp, hiệu năng tốt và camera ổn. Phù hợp nhiều nhu cầu sử dụng.',0,1,1,4,'2026-04-13 19:32:05',NULL),(241,'Samsung Galaxy A36 5G 8GB 128GB',1,'/img/phones/samsung/Samsung Galaxy A36 5G 8GB 128GB.webp',10490000,9990000,10.00,17,12,0,'Phiên bản mới với hỗ trợ 5G và trải nghiệm ổn định. Màn hình đẹp, pin khá tốt.',0,1,1,4,'2026-04-13 19:32:05',NULL),(242,'Samsung Galaxy A37 5G 8GB 128GB',1,'/img/phones/samsung/Samsung Galaxy A37 5G 8GB 128GB.webp',10990000,10490000,10.00,16,12,0,'Máy tầm trung thế hệ mới với cấu hình cân bằng. Phù hợp học tập, làm việc và giải trí.',0,1,1,4,'2026-04-13 19:32:05',NULL),(243,'Samsung Galaxy A37 6GB 128GB',1,'/img/phones/samsung/Samsung Galaxy A37 6GB 128GB.webp',9990000,9490000,10.00,19,12,0,'Phiên bản RAM thấp hơn nhưng vẫn đáp ứng tốt các nhu cầu hằng ngày. Thiết kế hiện đại và dễ dùng.',0,1,1,4,'2026-04-13 19:32:05',NULL),(244,'Samsung Galaxy A37 8GB 256GB',1,'/img/phones/samsung/Samsung Galaxy A37 8GB 256GB.webp',11690000,11190000,10.00,14,12,0,'Bộ nhớ cao và RAM lớn giúp đa nhiệm tốt và lưu trữ thoải mái. Máy phù hợp người dùng cần sự ổn định.',0,1,1,4,'2026-04-13 19:32:05',NULL),(245,'Samsung Galaxy A50s',1,'/img/phones/samsung/Samsung Galaxy A50s.webp',5290000,4690000,10.00,18,12,0,'Mẫu máy cũ nhưng vẫn đáp ứng ổn các nhu cầu phổ biến. Thiết kế đẹp và màn hình hiển thị tốt.',0,1,1,4,'2026-04-13 19:32:05',NULL),(246,'Samsung Galaxy A52s 5G',1,'/img/phones/samsung/Samsung Galaxy A52s 5G.webp',7990000,7490000,10.00,13,12,0,'Một trong những mẫu A-series được ưa chuộng nhờ hiệu năng tốt và màn hình đẹp. Hỗ trợ 5G ổn định.',0,1,1,4,'2026-04-13 19:32:05',NULL),(247,'Samsung Galaxy A54 8GB 256GB',1,'/img/phones/samsung/Samsung Galaxy A54 8GB 256GB.webp',10490000,9990000,10.00,17,12,0,'Máy có thiết kế cao cấp, camera đẹp và hiệu năng tốt. Phù hợp dùng lâu dài trong tầm trung.',0,1,1,4,'2026-04-13 19:32:05',NULL),(248,'Samsung Galaxy A55 5G 8GB 128GB',1,'/img/phones/samsung/Samsung Galaxy A55 5G 8GB 128GB.webp',10990000,10490000,10.00,21,12,0,'Mẫu máy được quan tâm nhiều với thiết kế khung kim loại và hiệu năng ổn định. Trải nghiệm tổng thể tốt.',0,1,1,4,'2026-04-13 19:32:05',NULL),(249,'Samsung Galaxy A55 5G 12GB 256GB',1,'/img/phones/samsung/Samsung Galaxy A55 5G 12GB 256GB.webp',12490000,11990000,10.00,15,12,0,'Phiên bản bộ nhớ cao giúp máy đa nhiệm mượt hơn và lưu trữ thoải mái. Thiết kế đẹp, phù hợp nhiều nhu cầu.',0,1,1,4,'2026-04-13 19:32:05',NULL),(250,'Samsung Galaxy A56 5G 8GB 128GB',1,'/img/phones/samsung/Samsung Galaxy A56 5G 8GB 128GB.webp',11990000,11490000,10.00,20,12,0,'Máy tầm trung cao cấp, hiệu năng ổn định, thiết kế đẹp.',0,1,1,4,'2026-04-13 19:32:39',NULL),(251,'Samsung Galaxy A57 5G 8GB 128GB',1,'/img/phones/samsung/Samsung Galaxy A57 5G 8GB 128GB.webp',12490000,11990000,10.00,18,12,0,'Mẫu mới với hiệu năng cải thiện, dùng mượt.',0,1,1,4,'2026-04-13 19:32:39',NULL),(252,'Samsung Galaxy A57 8GB 256GB',1,'/img/phones/samsung/Samsung Galaxy A57 8GB 256GB.webp',13490000,12990000,10.00,15,12,0,'Bộ nhớ lớn, phù hợp lưu trữ nhiều.',0,1,1,4,'2026-04-13 19:32:39',NULL),(253,'Samsung Galaxy A57 12GB 256GB',1,'/img/phones/samsung/Samsung Galaxy A57 12GB 256GB.webp',14490000,13990000,10.00,13,12,0,'RAM cao, đa nhiệm mạnh.',0,1,1,4,'2026-04-13 19:32:39',NULL),(254,'Samsung Galaxy A70',1,'/img/phones/samsung/Samsung Galaxy A70.webp',6990000,6490000,10.00,16,12,0,'Máy cũ nhưng vẫn ổn định.',0,1,1,4,'2026-04-13 19:32:39',NULL),(255,'Samsung Galaxy C55',1,'/img/phones/samsung/Samsung Galaxy C55.webp',8490000,7990000,10.00,17,12,0,'Mẫu máy tầm trung thiết kế đẹp.',0,1,1,4,'2026-04-13 19:32:39',NULL),(256,'Samsung Galaxy M21s',1,'/img/phones/samsung/Samsung Galaxy M21s.webp',4990000,4490000,10.00,19,12,0,'Pin trâu, phù hợp dùng lâu.',0,1,1,4,'2026-04-13 19:32:39',NULL),(257,'Samsung Galaxy M55 5G 8GB 256GB',1,'/img/phones/samsung/Samsung Galaxy M55 5G 8GB 256GB.webp',10990000,10490000,10.00,14,12,0,'Máy pin lớn, hiệu năng ổn.',0,1,1,4,'2026-04-13 19:32:39',NULL),(258,'Samsung Galaxy M55 12GB 256GB',1,'/img/phones/samsung/Samsung Galaxy M55 12GB 256GB.webp',11990000,11490000,10.00,12,12,0,'RAM cao, trải nghiệm tốt.',0,1,1,4,'2026-04-13 19:32:39',NULL),(259,'Samsung Galaxy Note 10',1,'/img/phones/samsung/Samsung Galaxy Note 10.webp',8990000,8490000,10.00,11,12,0,'Dòng Note với bút S-Pen.',0,1,1,4,'2026-04-13 19:32:39',NULL),(260,'Samsung Galaxy Note 10+ (Plus)',1,'/img/phones/samsung/Samsung Galaxy Note 10+ (Plus).webp',9990000,9490000,10.00,10,12,0,'Màn hình lớn, S-Pen tiện lợi.',0,1,1,4,'2026-04-13 19:32:39',NULL),(261,'Samsung Galaxy Note 20 Ultra 5G 512GB',1,'/img/phones/samsung/Samsung Galaxy Note 20 Ultra 5G 512GB.webp',15990000,14990000,10.00,9,12,0,'Flagship mạnh mẽ, camera tốt.',0,1,1,4,'2026-04-13 19:32:39',NULL),(262,'Samsung Galaxy S8 Chính hãng',1,'/img/phones/samsung/Samsung Galaxy S8 Chính hãng.webp',4990000,4490000,10.00,13,12,0,'Mẫu flagship cũ nhưng vẫn dùng tốt.',0,1,1,4,'2026-04-13 19:32:39',NULL),(263,'Samsung Galaxy S20',1,'/img/phones/samsung/Samsung Galaxy S20.webp',10990000,9990000,10.00,12,12,0,'Máy flagship với màn hình đẹp.',0,1,1,4,'2026-04-13 19:32:39',NULL),(264,'Samsung Galaxy S21 FE 8GB 128GB',1,'/img/phones/samsung/Samsung Galaxy S21 FE 8GB 128GB.webp',11990000,10990000,10.00,14,12,0,'Fan Edition hiệu năng tốt.',0,1,1,4,'2026-04-13 19:32:39',NULL),(265,'Samsung Galaxy S22 Plus (8GB + 128GB)',1,'/img/phones/samsung/Samsung Galaxy S22 Plus (8GB + 128GB).webp',14990000,13990000,10.00,13,12,0,'Màn hình lớn, hiệu năng cao.',0,1,1,4,'2026-04-13 19:32:39',NULL),(266,'Samsung Galaxy S22 Ultra (12GB - 512GB)',1,'/img/phones/samsung/Samsung Galaxy S22 Ultra (12GB - 512GB).webp',18990000,17990000,10.00,10,12,0,'Flagship cao cấp, camera mạnh.',0,1,1,4,'2026-04-13 19:32:39',NULL),(267,'Samsung Galaxy S22 Ultra 8GB 128GB',1,'/img/phones/samsung/Samsung Galaxy S22 Ultra 8GB 128GB.webp',16990000,15990000,10.00,11,12,0,'Phiên bản dung lượng thấp hơn.',0,1,1,4,'2026-04-13 19:32:39',NULL),(268,'Samsung Galaxy S23 8GB 128GB',1,'/img/phones/samsung/Samsung Galaxy S23 8GB 128GB.webp',17990000,16990000,10.00,12,12,0,'Flagship nhỏ gọn.',0,1,1,4,'2026-04-13 19:32:39',NULL),(269,'Samsung Galaxy S23 8GB 256GB',1,'/img/phones/samsung/Samsung Galaxy S23 8GB 256GB.webp',18990000,17990000,10.00,10,12,0,'Dung lượng cao hơn.',0,1,1,4,'2026-04-13 19:32:39',NULL),(270,'Samsung Galaxy S23 Plus 8GB 256GB',1,'/img/phones/samsung/Samsung Galaxy S23 Plus 8GB 256GB.webp',19990000,18990000,10.00,10,12,0,'Màn hình lớn, hiệu năng mạnh, pin tốt.',0,1,1,4,'2026-04-13 19:32:39',NULL),(271,'Samsung Galaxy S23 Plus 8GB 512GB',1,'/img/phones/samsung/Samsung galaxy S23 Plus 8GB 512GB.webp',20990000,19990000,10.00,9,12,0,'Bộ nhớ lớn, trải nghiệm mượt.',0,1,1,4,'2026-04-13 19:32:39',NULL),(272,'Samsung Galaxy S23 Ultra 256GB',1,'/img/phones/samsung/Samsung Galaxy S23 Ultra 256GB.webp',23990000,22990000,10.00,10,12,0,'Phiên bản phổ biến, camera mạnh.',0,1,1,4,'2026-04-13 19:32:39',NULL),(273,'Samsung Galaxy S23 Ultra 12GB 512GB',1,'/img/phones/samsung/Samsung Galaxy S23 Ultra 12GB 512GB.webp',25990000,24990000,10.00,9,12,0,'Hiệu năng cao, camera tốt.',0,1,1,4,'2026-04-13 19:32:39',NULL),(274,'Samsung Galaxy S23 Ultra 12GB 1TB',1,'/img/phones/samsung/Samsung Galaxy S23 Ultra 12GB 1TB.webp',28990000,27990000,10.00,8,12,0,'Bộ nhớ cực lớn, flagship cao cấp.',0,1,1,4,'2026-04-13 19:32:39',NULL),(275,'Samsung Galaxy S24 8GB 256GB',1,'/img/phones/samsung/Samsung Galaxy S24 8GB 256GB.webp',20990000,19990000,10.00,13,12,0,'Máy AI mới, hiệu năng mạnh.',0,1,1,4,'2026-04-13 19:32:39',NULL),(276,'Samsung Galaxy S24 8GB 512GB',1,'/img/phones/samsung/Samsung Galaxy S24 8GB 512GB.webp',22990000,21990000,10.00,11,12,0,'Bộ nhớ cao, thiết kế đẹp.',0,1,1,4,'2026-04-13 19:32:39',NULL),(277,'Samsung Galaxy S24 FE 5G 8GB 128GB',1,'/img/phones/samsung/Samsung Galaxy S24 FE 5G 8GB 128GB.webp',17990000,16990000,10.00,14,12,0,'Fan Edition, hiệu năng tốt.',0,1,1,4,'2026-04-13 19:32:39',NULL),(278,'Samsung Galaxy S24 Plus 12GB 256GB',1,'/img/phones/samsung/Samsung Galaxy S24 Plus 12GB 256GB.webp',24990000,23990000,10.00,10,12,0,'Màn hình lớn, pin tốt.',0,1,1,4,'2026-04-13 19:32:39',NULL),(279,'Samsung Galaxy S24 Plus 12GB 512GB',1,'/img/phones/samsung/Samsung Galaxy S24 Plus 12GB 512GB.webp',26990000,25990000,10.00,9,12,0,'Phiên bản cao cấp hơn, bộ nhớ lớn.',0,1,1,4,'2026-04-13 19:32:39',NULL),(280,'Samsung Galaxy S24 Ultra 12GB 1TB',1,'/img/phones/samsung/Samsung Galaxy S24 Ultra 12GB 1TB.webp',34990000,33990000,10.00,8,12,0,'Flagship cao cấp với camera mạnh và hiệu năng hàng đầu. Phù hợp người dùng cần trải nghiệm tốt nhất.',0,1,1,4,'2026-04-13 19:33:17',NULL),(281,'Samsung Galaxy S24 Ultra 12GB 256GB',1,'/img/phones/samsung/Samsung Galaxy S24 Ultra 12GB 256GB.webp',29990000,28990000,10.00,10,12,0,'Phiên bản bộ nhớ tiêu chuẩn của dòng Ultra. Mạnh mẽ, chụp ảnh đẹp và dùng rất mượt.',0,1,1,4,'2026-04-13 19:33:17',NULL),(282,'Samsung Galaxy S24 Ultra 12GB 512GB',1,'/img/phones/samsung/Samsung Galaxy S24 Ultra 12GB 512GB.webp',32990000,31990000,10.00,9,12,0,'Bộ nhớ lớn hơn giúp lưu trữ thoải mái hơn. Camera, hiệu năng và màn hình đều rất tốt.',0,1,1,4,'2026-04-13 19:33:17',NULL),(283,'Samsung Galaxy S24FE 5G 8GB 256GB',1,'/img/phones/samsung/Samsung Galaxy S24FE 5G 8GB 256GB.webp',18990000,17990000,10.00,14,12,0,'Fan Edition với hiệu năng tốt và hỗ trợ 5G. Phù hợp người dùng thích dòng S với giá mềm hơn.',0,1,1,4,'2026-04-13 19:33:17',NULL),(284,'Samsung Galaxy S25 256GB',1,'/img/phones/samsung/Samsung Galaxy S25 256GB.webp',21990000,20990000,10.00,15,12,0,'Mẫu flagship mới với thiết kế hiện đại và hiệu năng mạnh. Trải nghiệm sử dụng mượt mà hằng ngày.',0,1,1,4,'2026-04-13 19:33:17',NULL),(285,'Samsung Galaxy S25 512GB',1,'/img/phones/samsung/Samsung Galaxy S25 512GB.webp',23990000,22990000,10.00,13,12,0,'Phiên bản dung lượng cao cho nhu cầu lưu trữ lớn hơn. Máy mạnh, đẹp và cân bằng tốt.',0,1,1,4,'2026-04-13 19:33:17',NULL),(286,'Samsung Galaxy S25 FE 8GB 128GB',1,'/img/phones/samsung/Samsung Galaxy S25 FE 8GB 128GB.webp',18990000,17990000,10.00,16,12,0,'Bản FE hướng đến trải nghiệm cao cấp với mức giá dễ tiếp cận hơn. Hỗ trợ 5G và dùng ổn định.',0,1,1,4,'2026-04-13 19:33:17',NULL),(287,'Samsung Galaxy S25 FE 8GB 512GB',1,'/img/phones/samsung/Samsung Galaxy S25 FE 8GB 512GB.webp',21990000,20990000,10.00,11,12,0,'Phiên bản FE bộ nhớ lớn, phù hợp người lưu nhiều ảnh và ứng dụng. Thiết kế đẹp, hiệu năng tốt.',0,1,1,4,'2026-04-13 19:33:17',NULL),(288,'Samsung Galaxy S25 Plus 256GB',1,'/img/phones/samsung/Samsung Galaxy S25 Plus 256GB.webp',25990000,24990000,10.00,12,12,0,'Màn hình lớn hơn bản thường, pin tốt và hiệu năng mạnh. Phù hợp giải trí và làm việc.',0,1,1,4,'2026-04-13 19:33:17',NULL),(289,'Samsung Galaxy S25 Plus 512GB',1,'/img/phones/samsung/Samsung Galaxy S25 Plus 512GB.webp',27990000,26990000,10.00,10,12,0,'Phiên bản Plus với dung lượng cao, dùng mượt và lưu trữ thoải mái hơn. Thiết kế sang trọng.',0,1,1,4,'2026-04-13 19:33:17',NULL),(290,'Samsung Galaxy S25 Ultra 1TB',1,'/img/phones/samsung/Samsung Galaxy S25 Ultra 1TB.webp',38990000,37990000,10.00,8,12,0,'Bản cao cấp nhất của dòng S25 Ultra với bộ nhớ rất lớn. Camera mạnh và hiệu năng hàng đầu.',0,1,1,4,'2026-04-13 19:33:17',NULL),(291,'Samsung Galaxy S25 Ultra 12GB 256GB',1,'/img/phones/samsung/Samsung Galaxy S25 Ultra 12GB 256GB.webp',30990000,29990000,10.00,10,12,0,'Phiên bản tiêu chuẩn của dòng Ultra với hiệu năng cao và camera rất tốt. Phù hợp người dùng cao cấp.',0,1,1,4,'2026-04-13 19:33:17',NULL),(292,'Samsung Galaxy S25 Ultra 512GB',1,'/img/phones/samsung/Samsung Galaxy S25 Ultra 512GB.webp',33990000,32990000,10.00,9,12,0,'Dung lượng lớn hơn giúp máy phù hợp với nhu cầu lưu trữ cao. Trải nghiệm mượt và ổn định.',0,1,1,4,'2026-04-13 19:33:17',NULL),(293,'Samsung Galaxy S26 12GB 256GB',1,'/img/phones/samsung/Samsung Galaxy S26 12GB 256GB.webp',22990000,21990000,10.00,14,12,0,'Mẫu thế hệ mới với thiết kế hiện đại và hiệu năng mạnh. Thích hợp dùng lâu dài.',0,1,1,4,'2026-04-13 19:33:17',NULL),(294,'Samsung Galaxy S26 12GB 512GB',1,'/img/phones/samsung/Samsung Galaxy S26 12GB 512GB.webp',24990000,23990000,10.00,12,12,0,'Phiên bản bộ nhớ cao hơn, phù hợp người dùng cần lưu trữ lớn. Máy chạy mượt và ổn định.',0,1,1,4,'2026-04-13 19:33:17',NULL),(295,'Samsung Galaxy S26 Plus 12GB 256GB',1,'/img/phones/samsung/Samsung Galaxy S26 Plus 12GB 256GB.webp',26990000,25990000,10.00,11,12,0,'Bản Plus với màn hình lớn, pin tốt và hiệu năng cao. Trải nghiệm tổng thể rất cân bằng.',0,1,1,4,'2026-04-13 19:33:17',NULL),(296,'Samsung Galaxy S26 Plus 12GB 512GB',1,'/img/phones/samsung/Samsung Galaxy S26 Plus 12GB 512GB.webp',28990000,27990000,10.00,10,12,1,'Bộ nhớ lớn hơn, phù hợp người dùng cao cấp. Máy đẹp, mạnh và pin tốt.',0,1,1,4,'2026-04-13 19:33:17',NULL),(297,'Samsung Galaxy S26 Ultra 12GB 256GB',1,'/img/phones/samsung/Samsung Galaxy S26 Ultra 12GB 256GB.webp',31990000,30990000,10.00,9,12,0,'Dòng Ultra thế hệ mới với camera nổi bật và hiệu năng mạnh. Màn hình đẹp, dùng rất mượt.',0,1,1,4,'2026-04-13 19:33:17',NULL),(298,'Samsung Galaxy S26 Ultra 12GB 512GB',1,'/img/phones/samsung/Samsung Galaxy S26 Ultra 12GB 512GB.webp',34990000,33990000,10.00,8,12,0,'Phiên bản Ultra bộ nhớ cao, phù hợp nhu cầu sử dụng nặng và lưu trữ nhiều. Trải nghiệm cao cấp.',0,1,1,4,'2026-04-13 19:33:17',NULL),(299,'Samsung Galaxy S26 Ultra 16GB 1TB',1,'/img/phones/samsung/Samsung Galaxy S26 Ultra 16GB 1TB.webp',39990000,38990000,10.00,6,12,1,'Phiên bản mạnh nhất của dòng S26 Ultra. Bộ nhớ rất lớn, hiệu năng rất cao và camera hàng đầu.',0,1,1,4,'2026-04-13 19:33:17','2026-05-12 16:14:24'),(300,'Samsung Galaxy XCover6 Pro',1,'/img/phones/samsung/Samsung Galaxy XCover6 Pro.webp',12990000,11990000,10.00,13,12,0,'Máy bền bỉ, phù hợp môi trường làm việc khắc nghiệt. Thiết kế chắc chắn và pin tốt.',0,1,1,4,'2026-04-13 19:33:17',NULL),(301,'Samsung Galaxy Z Flip6 12GB 256GB',1,'/img/phones/samsung/Samsung Galaxy Z Flip6 12GB 256GB.webp',24990000,23990000,10.00,11,12,0,'Mẫu điện thoại gập nhỏ gọn với thiết kế hiện đại. Hiệu năng tốt và trải nghiệm thú vị.',0,1,1,4,'2026-04-13 19:33:17',NULL),(302,'Samsung Galaxy Z Flip7 12GB 256GB',1,'/img/phones/samsung/Samsung Galaxy Z Flip7 12GB 256GB.webp',27990000,26990000,10.00,9,12,0,'Phiên bản mới của dòng Flip với hiệu năng mạnh và thiết kế gọn đẹp. Phù hợp người thích máy gập.',0,1,1,4,'2026-04-13 19:33:17',NULL),(303,'Samsung Galaxy Z Flip7 12GB 512GB',1,'/img/phones/samsung/Samsung Galaxy Z Flip7 12GB 512GB.webp',29990000,28990000,10.00,8,12,1,'Dung lượng cao hơn giúp sử dụng thoải mái hơn. Máy gập đẹp, hiện đại và mượt mà.',0,1,1,4,'2026-04-13 19:33:17',NULL),(304,'Samsung Galaxy Z Fold 6 12GB 256GB',1,'/img/phones/samsung/Samsung Galaxy Z Fold 6 12GB 256GB.webp',35990000,34990000,10.00,8,12,0,'Dòng Fold cao cấp với màn hình lớn và khả năng đa nhiệm mạnh. Phù hợp công việc và giải trí.',0,1,1,4,'2026-04-13 19:33:17',NULL),(305,'Samsung Galaxy Z Fold5 12GB 256GB',1,'/img/phones/samsung/Samsung Galaxy Z Fold5 12GB 256GB.webp',33990000,32990000,10.00,9,12,0,'Máy gập cao cấp với màn hình lớn và hiệu năng mạnh. Trải nghiệm đa nhiệm rất tốt.',0,1,1,4,'2026-04-13 19:33:17',NULL),(306,'Samsung Galaxy Z Fold5 12GB 512GB',1,'/img/phones/samsung/Samsung Galaxy Z Fold5 12GB 512GB.webp',35990000,34990000,10.00,8,12,0,'Phiên bản dung lượng cao của Z Fold5. Phù hợp người dùng cần lưu trữ nhiều.',0,1,1,4,'2026-04-13 19:33:17',NULL),(307,'Samsung Galaxy Z Fold6 12GB 512GB',1,'/img/phones/samsung/Samsung Galaxy Z Fold6 12GB 512GB.webp',37990000,36990000,10.00,7,12,0,'Dòng Fold mới với hiệu năng cao và màn hình lớn. Máy phù hợp công việc chuyên sâu.',0,1,1,4,'2026-04-13 19:33:17',NULL),(308,'Samsung Galaxy Z Fold7 12GB 256GB',1,'/img/phones/samsung/Samsung Galaxy Z Fold7 12GB 256GB.webp',39990000,38990000,10.00,6,12,0,'Phiên bản mới của dòng Fold với thiết kế hiện đại và hiệu năng mạnh. Trải nghiệm cao cấp.',0,1,1,4,'2026-04-13 19:33:17',NULL),(309,'Samsung Galaxy Z Fold7 12GB 512GB',1,'/img/phones/samsung/Samsung Galaxy Z Fold7 12GB 512GB.webp',41990000,40990000,10.00,3,12,1,'Bản dung lượng cao của Z Fold7, phù hợp người dùng cần máy mạnh và nhiều bộ nhớ.',0,1,1,4,'2026-04-13 19:33:17','2026-05-15 20:46:34'),(310,'Sony Xperia 1 VII 12GB 256GB',1,'/img/phones/sony/Sony Xperia 1 VII 12GB 256GB.webp',32990000,30990000,10.00,15,12,0,'Flagship cao cấp với màn hình đẹp và hiệu năng mạnh. Phù hợp người dùng cần trải nghiệm cao cấp.',0,1,10,2,'2026-04-13 19:42:16',NULL),(311,'Sony Xperia 5 IV',1,'/img/phones/sony/Sony Xperia 5 IV.webp',19990000,17990000,10.00,17,12,0,'Máy nhỏ gọn nhưng hiệu năng mạnh mẽ. Camera tốt và thiết kế đặc trưng của Sony.',0,1,10,2,'2026-04-13 19:42:16',NULL),(312,'Sony Xperia 10 VII 8GB 128GB',1,'/img/phones/sony/Sony Xperia 10 VII 8GB 128GB.webp',10990000,9990000,10.00,21,12,0,'Mẫu tầm trung với thiết kế thanh lịch và pin tốt. Phù hợp nhu cầu sử dụng hằng ngày.',0,1,10,2,'2026-04-13 19:42:16',NULL),(313,'Sony Xperia X Compact',1,'/img/phones/sony/Sony Xperia X Compact.webp',4990000,3990000,10.00,13,12,0,'Máy nhỏ gọn, dễ cầm nắm và sử dụng. Phù hợp người thích điện thoại kích thước nhỏ.',0,1,10,2,'2026-04-13 19:42:16',NULL),(314,'Xperia 5 V',1,'/img/phones/sony/Xperia 5 V.webp',22990000,20990000,10.00,16,12,0,'Dòng máy cao cấp với hiệu năng mạnh và thiết kế gọn. Camera tốt, phù hợp người dùng thích Sony.',0,1,10,2,'2026-04-13 19:42:16',NULL),(315,'Xperia 10 V',1,'/img/phones/sony/Xperia 10 V.webp',11990000,10990000,10.00,18,12,0,'Máy tầm trung với pin tốt và thiết kế mỏng nhẹ. Đáp ứng ổn các nhu cầu hằng ngày.',0,1,10,2,'2026-04-13 19:42:16',NULL),(316,'Tecno Camon 19',1,'/img/phones/tecno/Tecno Camon 19.webp',4990000,4590000,10.00,20,12,0,'Máy tầm trung, thiết kế đẹp.',0,1,12,4,'2026-04-13 19:43:11',NULL),(317,'TECNO CAMON 20 Premier',1,'/img/phones/tecno/TECNO CAMON 20 Premier.webp',8990000,8490000,10.00,15,12,0,'Camera mạnh, hiệu năng tốt.',0,1,12,4,'2026-04-13 19:43:11',NULL),(318,'TECNO CAMON 20 Pro 5G',1,'/img/phones/tecno/TECNO CAMON 20 Pro 5G.webp',7990000,7490000,10.00,16,12,0,'Hỗ trợ 5G, dùng mượt.',0,1,12,4,'2026-04-13 19:43:11',NULL),(319,'TECNO CAMON 30 8GB 256GB',1,'/img/phones/tecno/TECNO CAMON 30 8GB 256GB.webp',8490000,7990000,10.00,14,12,0,'Dung lượng lớn.',0,1,12,4,'2026-04-13 19:43:11',NULL),(320,'TECNO CAMON 30 12GB 256GB',1,'/img/phones/tecno/TECNO CAMON 30 12GB 256GB.webp',9490000,8990000,10.00,13,12,0,'RAM cao.',0,1,12,4,'2026-04-13 19:43:11',NULL),(321,'TECNO CAMON 30S 8GB 256GB',1,'/img/phones/tecno/TECNO CAMON 30S 8GB 256GB.webp',8990000,8490000,10.00,13,12,0,'Camera đẹp.',0,1,12,4,'2026-04-13 19:43:11',NULL),(322,'TECNO CAMON 40 8GB 128GB',1,'/img/phones/tecno/TECNO CAMON 40 8GB 128GB.webp',6990000,6490000,10.00,18,12,0,'Tầm trung ổn.',0,1,12,4,'2026-04-13 19:43:11',NULL),(323,'TECNO CAMON 40 8GB 256GB',1,'/img/phones/tecno/TECNO CAMON 40 8GB 256GB.webp',7990000,7490000,10.00,17,12,0,'Bộ nhớ cao.',0,1,12,4,'2026-04-13 19:43:11',NULL),(324,'TECNO CAMON 40 Pro 8GB 256GB',1,'/img/phones/tecno/TECNO CAMON 40 Pro 8GB 256GB.webp',8990000,8490000,10.00,15,12,0,'Phiên bản Pro.',0,1,12,4,'2026-04-13 19:43:11',NULL),(325,'Tecno POP 6 Go 4G',1,'/img/phones/tecno/Tecno POP 6 Go 4G.webp',2490000,2190000,10.00,25,12,0,'Giá rẻ.',0,1,12,4,'2026-04-13 19:43:11',NULL),(326,'TECNO POVA 6 8GB 256GB',1,'/img/phones/tecno/TECNO POVA 6 8GB 256GB.webp',6990000,6490000,10.00,18,12,0,'Pin trâu.',0,1,12,4,'2026-04-13 19:43:11',NULL),(327,'TECNO POVA 6 NEO 8GB 128GB',1,'/img/phones/tecno/TECNO POVA 6 NEO 8GB 128GB.webp',5990000,5490000,10.00,20,12,0,'Máy gaming.',0,1,12,4,'2026-04-13 19:43:11',NULL),(328,'Tecno Pova 7 8GB 128GB',1,'/img/phones/tecno/Tecno Pova 7 8GB 128GB.webp',6490000,5990000,10.00,18,12,0,'Hiệu năng tốt.',0,1,12,4,'2026-04-13 19:43:11',NULL),(329,'Tecno Pova 7 8GB 256GB',1,'/img/phones/tecno/Tecno Pova 7 8GB 256GB.webp',7490000,6990000,10.00,16,12,0,'Bộ nhớ lớn.',0,1,12,4,'2026-04-13 19:43:11',NULL),(330,'TECNO Pova 8 8GB 128GB',1,'/img/phones/tecno/TECNO Pova 8 8GB 128GB.webp',6990000,6490000,10.00,15,12,0,'Pin lớn.',0,1,12,4,'2026-04-13 19:43:11',NULL),(331,'TECNO Pova 8 8GB 256GB',1,'/img/phones/tecno/TECNO Pova 8 8GB 256GB.webp',7990000,7490000,10.00,14,12,0,'Gaming.',0,1,12,4,'2026-04-13 19:43:11',NULL),(332,'Tecno Pova Curve 2 5G 8GB 128GB',1,'/img/phones/tecno/Tecno Pova Curve 2 5G 8GB 128GB.webp',6990000,6490000,10.00,13,12,0,'Màn cong.',0,1,12,4,'2026-04-13 19:43:11',NULL),(333,'Tecno Pova Curve 2 5G 8GB 256GB',1,'/img/phones/tecno/Tecno Pova Curve 2 5G 8GB 256GB.webp',7990000,7490000,10.00,12,12,0,'5G.',0,1,12,4,'2026-04-13 19:43:11',NULL),(334,'Tecno Pova Neo 5G',1,'/img/phones/tecno/Tecno Pova Neo 5G.webp',5990000,5490000,10.00,14,12,0,'Pin trâu.',0,1,12,4,'2026-04-13 19:43:11',NULL),(335,'Tecno Phantom V Fold',1,'/img/phones/tecno/Tecno Phantom V Fold.webp',24990000,23990000,10.00,6,12,0,'Máy gập.',0,1,12,4,'2026-04-13 19:43:11',NULL),(336,'Tecno Spark 9',1,'/img/phones/tecno/Tecno Spark 9.webp',3990000,3590000,10.00,22,12,0,'Giá rẻ.',0,1,12,4,'2026-04-13 19:43:11',NULL),(337,'Tecno Spark 10C',1,'/img/phones/tecno/Tecno Spark 10C.webp',4490000,4090000,10.00,20,12,0,'Tầm trung.',0,1,12,4,'2026-04-13 19:43:11',NULL),(338,'TECNO SPARK 30 5G 6GB 128GB',1,'/img/phones/tecno/TECNO SPARK 30 5G 6GB 128GB.webp',5990000,5490000,10.00,18,12,0,'5G.',0,1,12,4,'2026-04-13 19:43:11',NULL),(339,'TECNO SPARK 30 Pro 8GB 256GB Transformer',1,'/img/phones/tecno/TECNO SPARK 30 Pro 8GB 256GB Transformer.webp',6990000,6490000,10.00,17,12,0,'Bản đặc biệt.',0,1,12,4,'2026-04-13 19:43:11',NULL),(340,'TECNO Spark 40 6GB 128GB',1,'/img/phones/tecno/TECNO Spark 40 6GB 128GB.webp',5990000,5490000,10.00,16,12,0,'Ổn định.',0,1,12,4,'2026-04-13 19:43:11',NULL),(341,'TECNO Spark 40 8GB 256GB',1,'/img/phones/tecno/TECNO Spark 40 8GB 256GB.webp',6990000,6490000,10.00,15,12,0,'RAM cao.',0,1,12,4,'2026-04-13 19:43:11',NULL),(342,'TECNO Spark 40 Pro+ 8GB 256GB',1,'/img/phones/tecno/TECNO Spark 40 Pro+ 8GB 256GB.webp',7990000,7490000,10.00,14,12,0,'Pro+.',0,1,12,4,'2026-04-13 19:43:11',NULL),(343,'TECNO Spark 50 4GB 128GB',1,'/img/phones/tecno/TECNO Spark 50 4GB 128GB.webp',4990000,4590000,10.00,20,12,0,'Giá tốt.',0,1,12,4,'2026-04-13 19:43:11',NULL),(344,'TECNO Spark 50 Pro 4GB 128GB',1,'/img/phones/tecno/TECNO Spark 50 Pro 4GB 128GB.webp',5490000,4990000,10.00,18,12,0,'Pro.',0,1,12,4,'2026-04-13 19:43:11',NULL),(345,'TECNO Spark Go 2 4GB 64GB',1,'/img/phones/tecno/TECNO Spark Go 2 4GB 64GB.webp',2990000,2690000,10.00,25,12,0,'Giá rẻ.',0,1,12,4,'2026-04-13 19:43:11',NULL),(346,'TECNO Spark Go 3 4GB 64GB',1,'/img/phones/tecno/TECNO Spark Go 3 4GB 64GB.webp',3190000,2890000,10.00,24,12,0,'Giá rẻ.',0,1,12,4,'2026-04-13 19:43:11',NULL),(347,'TECNO Spark Go 3 4GB 128GB',1,'/img/phones/tecno/TECNO Spark Go 3 4GB 128GB.webp',3490000,3190000,10.00,23,12,0,'Giá rẻ.',0,1,12,4,'2026-04-13 19:43:11',NULL),(348,'Điện thoại Xiaomi 17 Pro Max',1,'/img/phones/xiaomi/Xiaomi 17 Pro Max.webp',28990000,27990000,10.00,10,12,1,'Flagship cao cấp.',0,1,3,1,'2026-04-13 19:43:34',NULL),(349,'Điện thoại Xiaomi 17 Pro',1,'/img/phones/xiaomi/Xiaomi 17 Pro.webp',26990000,25990000,10.00,11,12,1,'Hiệu năng mạnh.',0,1,3,1,'2026-04-13 19:43:34',NULL),(350,'Redmi Note 13 Pro 5G 12GB 512GB',1,'/img/phones/xiaomi/Redmi Note 13 Pro 5G 12GB 512GB.webp',9990000,9490000,10.00,15,12,0,'Tầm trung mạnh.',0,1,3,1,'2026-04-13 19:43:34',NULL),(351,'Redmi Turbo 5 Max',1,'/img/phones/xiaomi/Redmi Turbo 5 Max.webp',10990000,10490000,10.00,13,12,0,'Gaming tốt.',0,1,3,1,'2026-04-13 19:43:34',NULL),(352,'Xiaomi 12 Ultra',1,'/img/phones/xiaomi/Xiaomi 12 Ultra.webp',20990000,19990000,10.00,9,12,0,'Camera mạnh.',0,1,3,1,'2026-04-13 19:43:34',NULL),(353,'Xiaomi 12T 8GB 128GB',1,'/img/phones/xiaomi/Xiaomi 12T 8GB 128GB.webp',12990000,11990000,10.00,12,12,0,'Hiệu năng tốt.',0,1,3,1,'2026-04-13 19:43:34',NULL),(354,'Xiaomi 13 Lite',1,'/img/phones/xiaomi/Xiaomi 13 Lite.webp',10990000,9990000,10.00,14,12,0,'Mỏng nhẹ.',0,1,3,1,'2026-04-13 19:43:34',NULL),(355,'Xiaomi 13 Pro (12GB - 256GB)',1,'/img/phones/xiaomi/Xiaomi 13 Pro (12GB - 256GB).webp',22990000,21990000,10.00,8,12,0,'Flagship.',0,1,3,1,'2026-04-13 19:43:34',NULL),(356,'Xiaomi 13T 12GB 256GB',1,'/img/phones/xiaomi/Xiaomi 13T 12GB 256GB.webp',13990000,12990000,10.00,10,12,0,'Tầm trung cao.',0,1,3,1,'2026-04-13 19:43:34',NULL),(357,'Xiaomi 14 12GB 256GB',1,'/img/phones/xiaomi/Xiaomi 14 12GB 256GB.webp',18990000,17990000,10.00,9,12,0,'Mới.',0,1,3,1,'2026-04-13 19:43:34',NULL),(358,'Xiaomi 14 Ultra 5G 16GB 512GB',1,'/img/phones/xiaomi/Xiaomi 14 Ultra 5G 16GB 512GB.webp',30990000,29990000,10.00,7,12,0,'Ultra.',0,1,3,1,'2026-04-13 19:43:34',NULL),(359,'Xiaomi 14 Ultra 12GB 512GB',1,'/img/phones/xiaomi/Xiaomi 14 Ultra 12GB 512GB.webp',28990000,27990000,10.00,8,12,0,'Ultra.',0,1,3,1,'2026-04-13 19:43:34',NULL),(360,'Xiaomi 14T 12GB 512GB',1,'/img/phones/xiaomi/Xiaomi 14T 12GB 512GB.webp',14990000,13990000,10.00,10,12,0,'T series.',0,1,3,1,'2026-04-13 19:43:34',NULL),(361,'Xiaomi 14T Pro 12GB 512GB',1,'/img/phones/xiaomi/Xiaomi 14T Pro 12GB 512GB.webp',16990000,15990000,10.00,9,12,0,'T Pro.',0,1,3,1,'2026-04-13 19:43:34',NULL),(362,'Xiaomi 15 5G 12GB 256GB',1,'/img/phones/xiaomi/Xiaomi 15 5G 12GB 256GB.webp',19990000,18990000,10.00,10,12,0,'Mới.',0,1,3,1,'2026-04-13 19:43:34',NULL),(363,'Xiaomi 15 5G 12GB 512GB',1,'/img/phones/xiaomi/Xiaomi 15 5G 12GB 512GB.webp',21990000,20990000,10.00,9,12,0,'Mới.',0,1,3,1,'2026-04-13 19:43:34',NULL),(364,'Xiaomi 15 Ultra 5G 16GB 1TB',1,'/img/phones/xiaomi/Xiaomi 15 Ultra 5G 16GB 1TB.webp',35990000,34990000,10.00,6,12,0,'Cao cấp.',0,1,3,1,'2026-04-13 19:43:34',NULL),(365,'Xiaomi 15 Ultra 5G 16GB 512GB',1,'/img/phones/xiaomi/Xiaomi 15 Ultra 5G 16GB 512GB.webp',33990000,32990000,10.00,7,12,0,'Ultra.',0,1,3,1,'2026-04-13 19:43:34',NULL),(366,'Xiaomi 15T 5G 12GB 512GB',1,'/img/phones/xiaomi/Xiaomi 15T 5G 12GB 512GB.webp',16990000,15990000,10.00,10,12,0,'T series.',0,1,3,1,'2026-04-13 19:43:34',NULL),(367,'Xiaomi 15T Pro 5G 12GB 512GB',1,'/img/phones/xiaomi/Xiaomi 15T Pro 5G 12GB 512GB.webp',18990000,17990000,10.00,9,12,0,'T Pro.',0,1,3,1,'2026-04-13 19:43:34',NULL),(368,'Xiaomi 17 5G 12GB 512GB',1,'/img/phones/xiaomi/Xiaomi 17 5G 12GB 512GB.webp',22990000,21990000,10.00,8,12,0,'Mới.',0,1,3,1,'2026-04-13 19:43:34',NULL),(369,'Xiaomi 17 5G',1,'/img/phones/xiaomi/Xiaomi 17 5G.webp',19990000,18990000,10.00,10,12,0,'Mới.',0,1,3,1,'2026-04-13 19:43:34',NULL),(370,'Xiaomi 17 Ultra 5G 16GB 1TB',1,'/img/phones/xiaomi/Xiaomi 17 Ultra 5G 16GB 1TB.webp',39990000,38990000,10.00,5,12,0,'Ultra.',0,1,3,1,'2026-04-13 19:43:34',NULL),(371,'Xiaomi 17 Ultra 5G 16GB 512GB',1,'/img/phones/xiaomi/Xiaomi 17 Ultra 5G 16GB 512GB.webp',37990000,36990000,10.00,6,12,1,'Ultra.',0,1,3,1,'2026-04-13 19:43:34',NULL),(372,'Xiaomi POCO F4',1,'/img/phones/xiaomi/Xiaomi POCO F4.webp',8990000,8490000,10.00,15,12,0,'Gaming.',0,1,3,1,'2026-04-13 19:43:34',NULL),(373,'Xiaomi POCO F8 Pro 5G 12GB 256GB',1,'/img/phones/xiaomi/Xiaomi POCO F8 Pro 5G 12GB 256GB.webp',12990000,11990000,10.00,13,12,0,'POCO mạnh.',0,1,3,1,'2026-04-13 19:43:34',NULL),(374,'Xiaomi POCO M6 6GB 128GB',1,'/img/phones/xiaomi/Xiaomi POCO M6 6GB 128GB.webp',4990000,4590000,10.00,18,12,0,'Giá rẻ.',0,1,3,1,'2026-04-13 19:43:34',NULL),(375,'Xiaomi POCO X6 Pro 5G 8GB 256GB',1,'/img/phones/xiaomi/Xiaomi POCO X6 Pro 5G 8GB 256GB.webp',7990000,7490000,10.00,14,12,0,'Gaming.',0,1,3,1,'2026-04-13 19:43:34',NULL),(376,'Xiaomi POCO X7 5G 12GB 512GB',1,'/img/phones/xiaomi/Xiaomi POCO X7 5G 12GB 512GB.webp',9990000,9490000,10.00,12,12,0,'Hiệu năng cao.',0,1,3,1,'2026-04-13 19:43:34',NULL),(377,'Xiaomi POCO X7 Pro 5G 12GB 256GB',1,'/img/phones/xiaomi/Xiaomi POCO X7 Pro 5G 12GB 256GB.webp',10990000,10490000,10.00,11,12,0,'Pro.',0,1,3,1,'2026-04-13 19:43:34',NULL),(378,'Xiaomi Redmi 10A',1,'/img/phones/xiaomi/Xiaomi Redmi 10A.webp',2990000,2590000,10.00,21,12,0,'Mẫu máy phổ thông với pin tốt và thiết kế gọn gàng. Phù hợp cho các nhu cầu cơ bản hằng ngày.',0,1,3,1,'2026-04-13 19:43:51',NULL),(379,'Xiaomi Redmi 15 5G 8GB 256GB',1,'/img/phones/xiaomi/Xiaomi Redmi 15 5G 8GB 256GB.webp',6990000,6490000,10.00,18,12,0,'Hỗ trợ 5G, bộ nhớ lớn và hiệu năng ổn định. Phù hợp học tập, làm việc và giải trí.',0,1,3,1,'2026-04-13 19:43:51',NULL),(380,'Xiaomi Redmi 15C 4GB 128GB NFC',1,'/img/phones/xiaomi/Xiaomi Redmi 15C 4GB 128GB NFC.webp',4290000,3890000,10.00,23,12,0,'Máy giá tốt với NFC tiện lợi và pin bền. Đáp ứng ổn nhu cầu sử dụng hằng ngày.',0,1,3,1,'2026-04-13 19:43:51',NULL),(381,'Xiaomi Redmi 15C 8GB 256GB NFC',1,'/img/phones/xiaomi/Xiaomi Redmi 15C 8GB 256GB NFC.webp',5290000,4890000,10.00,16,12,0,'Phiên bản bộ nhớ lớn hơn, đa nhiệm tốt hơn. Thiết kế trẻ trung và dùng khá mượt.',0,1,3,1,'2026-04-13 19:43:51',NULL),(382,'Xiaomi Redmi A4',1,'/img/phones/xiaomi/Xiaomi Redmi A4.webp',2790000,2390000,10.00,25,12,0,'Dòng máy giá rẻ dễ tiếp cận, pin tốt và giao diện dễ dùng. Phù hợp người dùng phổ thông.',0,1,3,1,'2026-04-13 19:43:51',NULL),(383,'Xiaomi Redmi A7 4GB 128GB',1,'/img/phones/xiaomi/Xiaomi Redmi A7 4GB 128GB.webp',3190000,2790000,10.00,22,12,0,'Máy có màn hình lớn, bộ nhớ vừa đủ và pin ổn định. Phù hợp các tác vụ cơ bản hằng ngày.',0,1,3,1,'2026-04-13 19:43:51',NULL),(384,'Xiaomi Redmi A7 Pro 4GB 64GB',1,'/img/phones/xiaomi/Xiaomi Redmi A7 Pro 4GB 64GB.webp',3490000,3090000,10.00,20,12,0,'Phiên bản Pro với thiết kế đẹp và trải nghiệm ổn hơn. Dùng tốt trong phân khúc giá rẻ.',0,1,3,1,'2026-04-13 19:43:51',NULL),(385,'Xiaomi Redmi A7 Pro 4GB 128GB',1,'/img/phones/xiaomi/Xiaomi Redmi A7 Pro 4GB 128GB.webp',3790000,3390000,10.00,19,12,0,'Bản dung lượng cao hơn giúp lưu trữ thoải mái hơn. Máy phù hợp học tập và giải trí nhẹ.',0,1,3,1,'2026-04-13 19:43:51',NULL),(386,'Xiaomi Redmi Note 9 Pro',1,'/img/phones/xiaomi/Xiaomi Redmi Note 9 Pro.webp',4990000,4490000,10.00,17,12,0,'Mẫu Redmi Note quen thuộc với hiệu năng ổn định và pin tốt. Camera đáp ứng tốt nhu cầu cơ bản.',0,1,3,1,'2026-04-13 19:43:51',NULL),(387,'Xiaomi Redmi Note 12 4GB 128GB',1,'/img/phones/xiaomi/Xiaomi Redmi Note 12 4GB 128GB.webp',4390000,3990000,10.00,21,12,0,'Máy có màn hình đẹp trong tầm giá và pin bền. Phù hợp người dùng phổ thông.',0,1,3,1,'2026-04-13 19:43:51',NULL),(388,'Xiaomi Redmi Note 12 8GB 128GB',1,'/img/phones/xiaomi/Xiaomi Redmi Note 12 8GB 128GB.webp',4990000,4590000,10.00,20,12,0,'Phiên bản RAM cao hơn giúp đa nhiệm tốt hơn. Máy dùng mượt và ổn định hơn trong nhiều tác vụ.',0,1,3,1,'2026-04-13 19:43:51',NULL),(389,'Xiaomi Redmi Note 12 Pro 4G 8GB 256GB',1,'/img/phones/xiaomi/Xiaomi Redmi Note 12 Pro 4G 8GB 256GB.webp',5990000,5490000,10.00,18,12,0,'Thiết kế đẹp, bộ nhớ lớn và hiệu năng khá tốt. Máy phù hợp người cần lưu trữ nhiều hơn.',0,1,3,1,'2026-04-13 19:43:51',NULL),(390,'Xiaomi Redmi Note 12 Pro 5G',1,'/img/phones/xiaomi/Xiaomi Redmi Note 12 Pro 5G.webp',6990000,6490000,10.00,17,12,0,'Hỗ trợ 5G và có hiệu năng ổn định trong phân khúc. Màn hình và camera đều khá tốt.',0,1,3,1,'2026-04-13 19:43:51',NULL),(391,'Xiaomi Redmi Note 13 6GB 128GB',1,'/img/phones/xiaomi/Xiaomi Redmi Note 13 6GB 128GB.webp',4990000,4590000,10.00,22,12,0,'Máy phổ thông dễ dùng với màn hình đẹp và pin tốt. Phù hợp học tập và giải trí nhẹ.',0,1,3,1,'2026-04-13 19:43:51',NULL),(392,'Xiaomi Redmi Note 13 8GB 256GB',1,'/img/phones/xiaomi/Xiaomi Redmi Note 13 8GB 256GB.webp',5990000,5490000,10.00,19,12,0,'Phiên bản bộ nhớ cao hơn cho trải nghiệm lưu trữ và đa nhiệm tốt hơn. Thiết kế hiện đại.',0,1,3,1,'2026-04-13 19:43:51',NULL),(393,'Xiaomi Redmi Note 13 12GB 256GB',1,'/img/phones/xiaomi/Xiaomi Redmi Note 13 12GB 256GB.webp',6990000,6490000,10.00,16,12,0,'RAM lớn giúp máy vận hành mượt mà hơn trong nhiều tác vụ. Phù hợp người dùng cần cấu hình cao hơn.',0,1,3,1,'2026-04-13 19:43:51',NULL),(394,'Xiaomi Redmi Note 13 Pro 4G 8GB 128GB',1,'/img/phones/xiaomi/Xiaomi Redmi Note 13 Pro 4G 8GB 128GB.webp',6490000,5990000,10.00,17,12,0,'Camera tốt trong phân khúc và màn hình đẹp. Đây là lựa chọn đáng chú ý của dòng Redmi Note.',0,1,3,1,'2026-04-13 19:43:51',NULL),(395,'Xiaomi Redmi Note 13 Pro 5G 8GB 256GB',1,'/img/phones/xiaomi/Xiaomi Redmi Note 13 Pro 5G 8GB 256GB.webp',7990000,7490000,10.00,15,12,0,'Hỗ trợ 5G, hiệu năng mạnh và bộ nhớ lớn. Máy phù hợp học tập, giải trí và chụp ảnh.',0,1,3,1,'2026-04-13 19:43:51',NULL),(396,'Xiaomi Redmi Note 13 Pro 5G',1,'/img/phones/xiaomi/Xiaomi Redmi Note 13 Pro 5G.webp',7590000,7090000,10.00,14,12,0,'Phiên bản Pro 5G với hiệu năng ổn định và thiết kế đẹp. Trải nghiệm sử dụng mượt trong phân khúc.',0,1,3,1,'2026-04-13 19:43:51',NULL),(397,'Xiaomi Redmi Note 13 Pro 8GB 256GB',1,'/img/phones/xiaomi/Xiaomi Redmi Note 13 Pro 8GB 256GB.webp',7290000,6790000,10.00,16,12,0,'Bản Pro với bộ nhớ lớn, đáp ứng tốt nhu cầu lưu trữ và đa nhiệm. Thiết kế trẻ trung và camera khá.',0,1,3,1,'2026-04-13 19:43:51',NULL),(398,'Xiaomi Redmi Note 13 Pro Plus 4G',1,'/img/phones/xiaomi/Xiaomi Redmi Note 13 Pro Plus 4G.webp',7990000,7490000,10.00,13,12,0,'Phiên bản Plus có ngoại hình nổi bật và hiệu năng tốt. Máy phù hợp người dùng thích trải nghiệm nhỉnh hơn.',0,1,3,1,'2026-04-13 19:43:51',NULL),(399,'Xiaomi Redmi Note 13 Pro Plus 5G 8GB 256GB',1,'/img/phones/xiaomi/Xiaomi Redmi Note 13 Pro Plus 5G 8GB 256GB.webp',8990000,8490000,10.00,12,12,0,'Bản Plus hỗ trợ 5G, camera đẹp và hiệu năng khá mạnh. Phù hợp người dùng yêu cầu cao hơn trong tầm trung.',0,1,3,1,'2026-04-13 19:43:51',NULL),(400,'Xiaomi Redmi Note 14 5G 8GB 256GB',1,'/img/phones/xiaomi/Xiaomi Redmi Note 14 5G 8GB 256GB.webp',7990000,7490000,10.00,15,12,0,'Phiên bản thế hệ mới với 5G và cấu hình cân bằng. Thiết kế đẹp, dùng ổn định hằng ngày.',0,1,3,1,'2026-04-13 19:43:51',NULL),(401,'Xiaomi Redmi Note 14 6GB 128GB',1,'/img/phones/xiaomi/Xiaomi Redmi Note 14 6GB 128GB.webp',5990000,5490000,10.00,18,12,0,'Máy giá tốt với bộ nhớ đủ dùng và pin ổn định. Phù hợp người dùng phổ thông.',0,1,3,1,'2026-04-13 19:43:51',NULL),(402,'Xiaomi Redmi Note 14 Pro 5G 8GB 256GB',1,'/img/phones/xiaomi/Xiaomi Redmi Note 14 Pro 5G 8GB 256GB.webp',8990000,8490000,10.00,14,12,0,'Dòng Pro hỗ trợ 5G với hiệu năng tốt và màn hình đẹp. Phù hợp giải trí, học tập và chụp ảnh.',0,1,3,1,'2026-04-13 19:43:51',NULL),(403,'Xiaomi Redmi Note 14 Pro Plus 5G 8GB 256GB',1,'/img/phones/xiaomi/Xiaomi Redmi Note 14 Pro Plus 5G 8GB 256GB.webp',9990000,9490000,10.00,11,12,0,'Bản Pro Plus có trải nghiệm cao cấp hơn trong phân khúc. Hiệu năng mạnh, thiết kế đẹp và camera khá.',0,1,3,1,'2026-04-13 19:43:51',NULL),(404,'Xiaomi Redmi Note 14 Pro',1,'/img/phones/xiaomi/Xiaomi Redmi Note 14 Pro.webp',8490000,7990000,10.00,13,12,0,'Phiên bản Pro nổi bật với thiết kế đẹp và cấu hình ổn định. Phù hợp nhiều nhu cầu sử dụng.',0,1,3,1,'2026-04-13 19:43:51',NULL),(405,'Xiaomi Redmi Note 15 5G 6GB 128GB',1,'/img/phones/xiaomi/Xiaomi Redmi Note 15 5G 6GB 128GB.webp',6990000,6490000,10.00,16,12,0,'Máy hỗ trợ 5G, thiết kế hiện đại và hiệu năng ổn định. Phù hợp người dùng phổ thông nâng cao.',0,1,3,1,'2026-04-13 19:43:51',NULL),(406,'Xiaomi Redmi Note 15 6GB 128GB',1,'/img/phones/xiaomi/Xiaomi Redmi Note 15 6GB 128GB.webp',6290000,5790000,10.00,17,12,0,'Phiên bản 4G dễ tiếp cận hơn với cấu hình cân bằng. Phù hợp cho các nhu cầu hằng ngày.',0,1,3,1,'2026-04-13 19:43:51',NULL),(407,'Xiaomi Redmi Note 15 Pro 5G 12GB 256GB',1,'/img/phones/xiaomi/Xiaomi Redmi Note 15 Pro 5G 12GB 256GB.webp',10990000,10490000,10.00,10,12,0,'Phiên bản Pro 5G với RAM lớn và bộ nhớ cao. Máy phù hợp người dùng cần hiệu năng mạnh hơn.',0,1,3,1,'2026-04-13 19:43:51',NULL),(408,'Xiaomi Redmi Note 15 Pro 12GB 256GB',1,'/img/phones/xiaomi/Xiaomi Redmi Note 15 Pro 12GB 256GB.webp',9990000,9490000,10.00,10,12,1,'Bản Pro với hiệu năng tốt, bộ nhớ lớn và thiết kế đẹp. Trải nghiệm sử dụng mượt mà hơn bản thường.',0,1,1,1,'2026-04-13 19:43:51','2026-05-19 00:51:05'),(412,'Tess Phone',-1,'/img/upload/1777385348890_vertu.webp',50000000,60000000,10.00,1,12,1,'Điện thoại đc sản xuất bởi tess',0,1,1,1,'2026-04-25 21:55:09','2026-05-19 01:38:57'),(416,'Khiem phone',-1,'',60000000,NULL,NULL,9,NULL,0,'Khiêm sản xuất ra điện thoại này',0,1,1,3,'2026-05-19 00:37:59','2026-05-19 00:39:31'),(417,'Khiem phone',-1,'',30000000,2000000,NULL,0,NULL,1,'khiêm',0,1,7,4,'2026-05-19 01:33:52','2026-05-19 01:59:25');
/*!40000 ALTER TABLE `Product` ENABLE KEYS */;
UNLOCK TABLES;

--
-- Table structure for table `ProductDetail`
--

DROP TABLE IF EXISTS `ProductDetail`;
/*!40101 SET @saved_cs_client     = @@character_set_client */;
/*!50503 SET character_set_client = utf8mb4 */;
CREATE TABLE `ProductDetail` (
  `DetailID` int NOT NULL AUTO_INCREMENT,
  `ProductID` int NOT NULL,
  `RAM` varchar(50) COLLATE utf8mb4_unicode_ci DEFAULT NULL,
  `Storage` varchar(50) COLLATE utf8mb4_unicode_ci DEFAULT NULL,
  `CPU` varchar(100) COLLATE utf8mb4_unicode_ci DEFAULT NULL,
  `Screen` varchar(100) COLLATE utf8mb4_unicode_ci DEFAULT NULL,
  `Battery` varchar(50) COLLATE utf8mb4_unicode_ci DEFAULT NULL,
  `Camera` varchar(200) COLLATE utf8mb4_unicode_ci DEFAULT NULL,
  `OS` varchar(100) COLLATE utf8mb4_unicode_ci DEFAULT NULL,
  `ChargingSpeed` varchar(50) COLLATE utf8mb4_unicode_ci DEFAULT NULL,
  `Connectivity` varchar(200) COLLATE utf8mb4_unicode_ci DEFAULT NULL,
  PRIMARY KEY (`DetailID`),
  KEY `FK_ProductDetail_Product` (`ProductID`),
  CONSTRAINT `FK_ProductDetail_Product` FOREIGN KEY (`ProductID`) REFERENCES `Product` (`ProductID`) ON DELETE CASCADE
) ENGINE=InnoDB AUTO_INCREMENT=411 DEFAULT CHARSET=utf8mb4 COLLATE=utf8mb4_unicode_ci;
/*!40101 SET character_set_client = @saved_cs_client */;

--
-- Dumping data for table `ProductDetail`
--

LOCK TABLES `ProductDetail` WRITE;
/*!40000 ALTER TABLE `ProductDetail` DISABLE KEYS */;
INSERT INTO `ProductDetail` VALUES (1,1,'6GB/8GB','128GB','Kirin 980','6.39 inch AMOLED','3500mAh','24MP','Android 12 + EMUI 12','18W','4G LTE, WiFi 5, Bluetooth 5.0, USB-C'),(2,2,'12GB','512GB','Snapdragon 8 Gen 2','6.81 inch OLED 120Hz','5100mAh','50MP','Android 13 + EMUI 13','66W','4G LTE, WiFi 5, Bluetooth 5.0, USB-C, NFC'),(3,3,'8GB/12GB','256GB','Snapdragon 8 Gen 2','6.73 inch OLED 120Hz','5100mAh','54MP','Android 13 + EMUI 13','66W','4G LTE, WiFi 5, Bluetooth 5.0, USB-C, NFC'),(4,4,'12GB','512GB','Snapdragon 8 Gen 3','6.8 inch LTPO OLED 120Hz','5600mAh','50MP + 180MP','Android 13 + EMUI 13','100W','4G LTE, WiFi 5, Bluetooth 5.0, USB-C, NFC'),(5,5,'12GB','512GB','Flagship Chip','LTPO OLED 120Hz','~5600mAh','Camera cao cấp','Android 15 + MagicOS 9','100W','4G LTE, WiFi 5, Bluetooth 5.0, USB-C, NFC'),(6,6,'12GB','256GB/512GB','Chip cao cấp','OLED gập 120Hz','~4800mAh','Camera kép','Android 15 + MagicOS 9','18W','4G LTE, WiFi 5, Bluetooth 5.0, USB-C, NFC'),(7,7,'12GB','256GB','Snapdragon 8 Gen 1','Màn hình gập OLED','4750mAh','50MP','Android 12 + EMUI 12','18W','4G LTE, WiFi 5, Bluetooth 5.0, USB-C, NFC'),(8,8,'16GB','512GB','Snapdragon 8 Gen 2','OLED gập 120Hz','5000mAh','50MP','Android 13 + EMUI 13','66W','4G LTE, WiFi 5, Bluetooth 5.0, USB-C, NFC'),(9,9,'12GB/16GB','512GB','Snapdragon 8 Gen 3','OLED gập LTPO 120Hz','5150mAh','Camera cao cấp','Android 13 + EMUI 13','100W','4G LTE, WiFi 5, Bluetooth 5.0, USB-C, NFC'),(10,10,'16GB','512GB','Flagship Chip','OLED gập 120Hz','~5000mAh','Camera cao cấp','Android 15 + MagicOS 9','100W','4G LTE, WiFi 5, Bluetooth 5.0, USB-C, NFC'),(11,11,'8GB','128GB/256GB','Dimensity 6020','6.7 inch','4000mAh','50MP','Android 12 + EMUI 12','18W','4G LTE, WiFi 5, Bluetooth 5.0, USB-C'),(12,12,'8GB','128GB','Dimensity 6020','6.74 inch 90Hz','6000mAh','50MP','Android 12 + EMUI 12','18W','4G LTE, WiFi 5, Bluetooth 5.0, USB-C'),(13,13,'4GB','128GB','Chip phổ thông','HD+','5000mAh','Camera cơ bản','Android 12 + EMUI 12','18W','4G LTE, WiFi 5, Bluetooth 5.0, USB-C'),(14,14,'4GB/8GB','128GB','Snapdragon 480+','6.5 inch','5000mAh','13MP','Android 12 + EMUI 12','18W','4G LTE, WiFi 5, Bluetooth 5.0, USB-C'),(15,15,'6GB','128GB','Snapdragon 480+','6.56 inch 90Hz','5200mAh','13MP','Android 12 + EMUI 12','18W','4G LTE, WiFi 5, Bluetooth 5.0, USB-C'),(16,16,'8GB/12GB','256GB','Chip 5G','Màn hình lớn','Pin lớn','Camera tốt','Android 15 + MagicOS 9','18W','4G LTE, WiFi 5, Bluetooth 5.0, USB-C'),(17,17,'8GB','256GB','Chip tầm trung','Màn hình lớn','Pin lớn','Camera đủ dùng','Android 15 + MagicOS 9','18W','4G LTE, WiFi 5, Bluetooth 5.0, USB-C'),(18,18,'6GB','128GB','Chip phổ thông','Màn hình lớn','Pin tốt','Camera cơ bản','Feature Phone','5W','4G/3G/2G, Bluetooth 4.2, USB Micro-B'),(19,19,'4GB','64GB','Helio G36','6.56 inch','5200mAh','50MP','Android 12 + EMUI 12','18W','4G LTE, WiFi 5, Bluetooth 5.0, USB-C'),(20,20,'4GB','64GB','Chip phổ thông','HD+','5000mAh','Camera cơ bản','Android 12 + EMUI 12','18W','4G LTE, WiFi 5, Bluetooth 5.0, USB-C'),(21,21,'4GB','64GB','Chip phổ thông','HD+','Pin lớn','Camera cơ bản','Android 12 + EMUI 12','18W','4G LTE, WiFi 5, Bluetooth 5.0, USB-C'),(22,22,'4GB','128GB','Chip phổ thông','HD+','Pin lớn','Camera cơ bản','Android 12 + EMUI 12','18W','4G LTE, WiFi 5, Bluetooth 5.0, USB-C'),(23,23,'4GB','64GB/128GB','Helio G25','6.5 inch','5000mAh','50MP','Android 12 + EMUI 12','18W','4G LTE, WiFi 5, Bluetooth 5.0, USB-C'),(24,24,'4GB/6GB','128GB','Helio G36','6.56 inch 90Hz','5200mAh','50MP','Android 12 + EMUI 12','18W','4G LTE, WiFi 5, Bluetooth 5.0, USB-C'),(25,25,'6GB','128GB','Chip phổ thông','Màn hình lớn','5000mAh','Camera đủ dùng','Android 12 + EMUI 12','18W','4G LTE, WiFi 5, Bluetooth 5.0, USB-C'),(26,26,'4GB','128GB','Snapdragon 680','6.74 inch 90Hz','5000mAh','48MP','Android 12 + EMUI 12','18W','4G LTE, WiFi 5, Bluetooth 5.0, USB-C'),(27,27,'6GB','128GB','Helio G37','6.74 inch 90Hz','6000mAh','50MP','Android 12 + EMUI 12','18W','4G LTE, WiFi 5, Bluetooth 5.0, USB-C'),(28,28,'8GB','256GB','Chip tầm trung','120Hz','Pin lớn','Camera tốt','Android 12 + EMUI 12','18W','4G LTE, WiFi 5, Bluetooth 5.0, USB-C'),(29,29,'8GB','128GB','Chip tầm trung','Màn hình lớn','5000mAh','Camera tốt','Android 15 + MagicOS 9','18W','4G LTE, WiFi 5, Bluetooth 5.0, USB-C'),(30,30,'8GB','256GB','Chip tầm trung','Màn hình lớn','Pin lớn','Camera tốt','Android 15 + MagicOS 9','18W','4G LTE, WiFi 5, Bluetooth 5.0, USB-C'),(31,31,'6GB','128GB','Snapdragon 480+','6.5 inch 90Hz','5000mAh','48MP','Android 12 + EMUI 12','18W','5G, WiFi 6, Bluetooth 5.3, USB-C'),(32,32,'8GB','128GB','Helio G88','6.7 inch 90Hz','4500mAh','100MP','Android 12 + EMUI 12','18W','4G LTE, WiFi 5, Bluetooth 5.0, USB-C'),(33,33,'8GB','128GB','Chip tầm trung','Màn hình lớn','5000mAh','Camera tốt','Android 15 + MagicOS 9','18W','4G LTE, WiFi 5, Bluetooth 5.0, USB-C'),(34,34,'8GB','128GB','Snapdragon 680','6.81 inch 120Hz','4800mAh','48MP','Android 12 + EMUI 12','18W','4G LTE, WiFi 5, Bluetooth 5.0, USB-C'),(35,35,'12GB','256GB','Snapdragon 6 Gen 1','6.78 inch OLED 120Hz','5800mAh','108MP','Android 12 + EMUI 12','18W','4G LTE, WiFi 5, Bluetooth 5.0, USB-C'),(36,36,'12GB','256GB','Chip 5G','OLED cong 120Hz','Pin lớn','108MP','Android 15 + MagicOS 9','18W','5G, WiFi 6, Bluetooth 5.3, USB-C'),(37,37,'12GB','512GB','Chip 5G','OLED 120Hz','Pin lớn','108MP','Android 15 + MagicOS 9','18W','4G LTE, WiFi 5, Bluetooth 5.0, USB-C'),(38,38,'8GB','128GB/256GB','Snapdragon 695','6.67 inch OLED 120Hz','5100mAh','50MP','Android 13 + EMUI 13','18W','5G, WiFi 6, Bluetooth 5.3, USB-C'),(39,39,'8GB','128GB/256GB','Dimensity 700','6.7 inch 90Hz','4000mAh','50MP','Android 13 + EMUI 13','18W','4G LTE, WiFi 5, Bluetooth 5.0, USB-C'),(40,40,'8GB/12GB','256GB','Dimensity 6020','6.7 inch 90Hz','4500mAh','100MP','Android 13 + EMUI 13','18W','4G LTE, WiFi 5, Bluetooth 5.0, USB-C'),(41,41,'12GB','256GB','Dimensity 6080','6.7 inch AMOLED 90Hz','4500mAh','108MP','Android 13 + EMUI 13','18W','4G LTE, WiFi 5, Bluetooth 5.0, USB-C'),(42,42,'16GB','512GB','Chip flagship','Màn hình gập OLED','5000mAh','Camera cao cấp','Android 12 + EMUI 12','18W','4G LTE, WiFi 5, Bluetooth 5.0, USB-C'),(43,43,'8GB','128GB','Kirin 820','6.5 inch IPS','4000mAh','64MP','Android 12 + EMUI 12','40W','4G LTE, WiFi 5, Bluetooth 5.0, USB-C'),(44,44,'8GB','128GB','Snapdragon 680','6.78 inch 90Hz','4000mAh','108MP','Android 13 + EMUI 13','40W','4G LTE, WiFi 5, Bluetooth 5.0, USB-C'),(45,45,'8GB','256GB','Snapdragon 778G','6.78 inch OLED 120Hz','4500mAh','60MP','Android 13 + EMUI 13','100W','4G LTE, WiFi 5, Bluetooth 5.0, USB-C, NFC'),(46,46,'8GB','128GB','Snapdragon 680','6.67 inch OLED','4500mAh','108MP','Android 13 + EMUI 13','100W','4G LTE, WiFi 5, Bluetooth 5.0, USB-C, NFC'),(47,47,'8GB','128GB','Snapdragon 778G','6.67 inch OLED 120Hz','4000mAh','50MP','Android 13 + EMUI 13','100W','4G LTE, WiFi 5, Bluetooth 5.0, USB-C, NFC'),(48,48,'8GB','128GB','Kirin 710A','6.6 inch IPS','4000mAh','48MP','Android 13 + EMUI 13','100W','4G LTE, WiFi 5, Bluetooth 5.0, USB-C, NFC'),(49,49,'4GB','128GB','Kirin 710','6.15 inch IPS','3340mAh','48MP','Android 10 + EMUI 9','40W','4G LTE, WiFi 5, Bluetooth 5.0, USB-C, NFC'),(50,50,'6GB','128GB','Kirin 980','6.1 inch OLED','3650mAh','40MP','Android 10 + EMUI 9','40W','4G LTE, WiFi 5, Bluetooth 5.0, USB-C, NFC'),(51,51,'12GB','512GB','Snapdragon 8+ Gen 1','6.67 inch OLED 120Hz','4815mAh','48MP','Android 13 + EMUI 13','100W','4G LTE, WiFi 5, Bluetooth 5.0, USB-C, NFC'),(52,52,'8GB','256GB','Snapdragon 778G','Màn hình gập OLED','4000mAh','40MP','Android 13 + EMUI 13','18W','4G LTE, WiFi 5, Bluetooth 5.0, USB-C'),(53,53,'1GB','16GB','Apple A7','4.0 inch','1560mAh','8MP','iOS 12','5W','4G LTE, WiFi 4, Bluetooth 4.0, Lightning'),(54,54,'8GB','256GB','Apple A18 Pro','6.9 inch OLED 120Hz','4800mAh','48MP','iOS 18','30W','5G, WiFi 6E, Bluetooth 5.3, USB-C, NFC'),(55,55,'4GB','64GB','Apple A13','6.1 inch LCD','3110mAh','12MP','iOS 18','20W','4G LTE, WiFi 6, Bluetooth 5.0, Lightning, NFC'),(56,56,'4GB','128GB','Apple A13','6.1 inch LCD','3110mAh','12MP','iOS 18','20W','4G LTE, WiFi 6, Bluetooth 5.0, Lightning, NFC'),(57,57,'4GB','64GB','Apple A14','6.1 inch OLED','2815mAh','12MP','iOS 18','20W','4G LTE, WiFi 6, Bluetooth 5.0, Lightning, NFC'),(58,58,'6GB','256GB','Apple A14','6.1 inch OLED','2815mAh','12MP','iOS 18','20W','4G LTE, WiFi 6, Bluetooth 5.0, Lightning, NFC'),(59,59,'6GB','256GB','Apple A14','6.7 inch OLED','3687mAh','12MP','iOS 18','20W','4G LTE, WiFi 6, Bluetooth 5.0, Lightning, NFC'),(60,60,'4GB','128GB','Apple A15','6.1 inch OLED','3240mAh','12MP','iOS 18','20W','4G LTE, WiFi 6, Bluetooth 5.0, Lightning, NFC'),(61,61,'4GB','256GB','Apple A15','6.1 inch OLED','3240mAh','12MP','iOS 18','20W','4G LTE, WiFi 6, Bluetooth 5.0, Lightning, NFC'),(62,62,'6GB','128GB','Apple A15','6.1 inch OLED 120Hz','3095mAh','12MP','iOS 18','20W','4G LTE, WiFi 6, Bluetooth 5.0, Lightning, NFC'),(63,63,'6GB','256GB','Apple A15','6.1 inch OLED 120Hz','3095mAh','12MP','iOS 18','20W','4G LTE, WiFi 6, Bluetooth 5.0, Lightning, NFC'),(64,64,'6GB','128GB','Apple A15','6.7 inch OLED 120Hz','4352mAh','12MP','iOS 18','20W','4G LTE, WiFi 6, Bluetooth 5.0, Lightning, NFC'),(65,65,'6GB','256GB','Apple A15','6.7 inch OLED 120Hz','4352mAh','12MP','iOS 18','20W','4G LTE, WiFi 6, Bluetooth 5.0, Lightning, NFC'),(66,66,'6GB','128GB','Apple A15','6.1 inch OLED','3279mAh','12MP','iOS 18','20W','5G, WiFi 6, Bluetooth 5.3, Lightning, NFC'),(67,67,'6GB','256GB','Apple A15','6.1 inch OLED','3279mAh','12MP','iOS 18','20W','5G, WiFi 6, Bluetooth 5.3, Lightning, NFC'),(68,68,'6GB','128GB','Apple A15','6.7 inch OLED','4325mAh','12MP','iOS 18','20W','5G, WiFi 6, Bluetooth 5.3, Lightning, NFC'),(69,69,'6GB','128GB','Apple A16','6.1 inch OLED 120Hz','3200mAh','48MP','iOS 18','20W','5G, WiFi 6, Bluetooth 5.3, Lightning, NFC'),(70,70,'6GB','256GB','Apple A16','6.1 inch OLED 120Hz','3200mAh','48MP','iOS 18','20W','5G, WiFi 6, Bluetooth 5.3, Lightning, NFC'),(71,71,'6GB','512GB','Apple A16','6.1 inch OLED 120Hz','3200mAh','48MP','iOS 18','20W','5G, WiFi 6, Bluetooth 5.3, Lightning, NFC'),(72,72,'6GB','128GB','Apple A16','6.7 inch OLED 120Hz','4323mAh','48MP','iOS 18','20W','5G, WiFi 6, Bluetooth 5.3, Lightning, NFC'),(73,73,'6GB','256GB','Apple A16','6.7 inch OLED 120Hz','4323mAh','48MP','iOS 18','20W','5G, WiFi 6, Bluetooth 5.3, Lightning, NFC'),(74,74,'6GB','256GB','Apple A16','6.7 inch OLED 120Hz','4323mAh','48MP','iOS 18','20W','5G, WiFi 6, Bluetooth 5.3, Lightning, NFC'),(75,75,'6GB','128GB','Apple A16','6.1 inch OLED','3349mAh','48MP','iOS 18','27W','5G, WiFi 6E, Bluetooth 5.3, USB-C, NFC'),(76,76,'6GB','256GB','Apple A16','6.1 inch OLED','3349mAh','48MP','iOS 18','27W','5G, WiFi 6E, Bluetooth 5.3, USB-C, NFC'),(77,77,'6GB','128GB','Apple A16','6.7 inch OLED','4383mAh','48MP','iOS 18','27W','5G, WiFi 6E, Bluetooth 5.3, USB-C, NFC'),(78,78,'6GB','256GB','Apple A16','6.7 inch OLED','4383mAh','48MP','iOS 18','27W','5G, WiFi 6E, Bluetooth 5.3, USB-C, NFC'),(79,79,'8GB','128GB','Apple A17 Pro','6.1 inch OLED 120Hz','3274mAh','48MP','iOS 18','27W','5G, WiFi 6E, Bluetooth 5.3, USB-C, NFC'),(80,80,'8GB','256GB','Apple A17 Pro','6.1 inch OLED 120Hz','3274mAh','48MP','iOS 18','27W','5G, WiFi 6E, Bluetooth 5.3, USB-C, NFC'),(81,81,'8GB','2TB','Apple A17 Pro','6.7 inch OLED 120Hz','4441mAh','48MP','iOS 18','27W','5G, WiFi 6E, Bluetooth 5.3, USB-C, NFC'),(82,82,'8GB','512GB','Apple A17 Pro','6.7 inch OLED 120Hz','4441mAh','48MP','iOS 18','27W','5G, WiFi 6E, Bluetooth 5.3, USB-C, NFC'),(83,83,'8GB','128GB','Apple A18','6.1 inch OLED','3500mAh','48MP','iOS 18','25W','5G, WiFi 6E, Bluetooth 5.3, USB-C, NFC'),(84,84,'8GB','256GB','Apple A18','6.1 inch OLED','3500mAh','48MP','iOS 18','25W','5G, WiFi 6E, Bluetooth 5.3, USB-C, NFC'),(85,85,'8GB','128GB','Apple A18','6.7 inch OLED','4500mAh','48MP','iOS 18','25W','5G, WiFi 6E, Bluetooth 5.3, USB-C, NFC'),(86,86,'8GB','256GB','Apple A18','6.7 inch OLED','4500mAh','48MP','iOS 18','25W','5G, WiFi 6E, Bluetooth 5.3, USB-C, NFC'),(87,87,'12GB','128GB','Apple A18 Pro','6.1 inch OLED 120Hz','3600mAh','48MP','iOS 18','30W','5G, WiFi 6E, Bluetooth 5.3, USB-C, NFC'),(88,88,'12GB','256GB','Apple A18 Pro','6.1 inch OLED 120Hz','3600mAh','48MP','iOS 18','30W','5G, WiFi 6E, Bluetooth 5.3, USB-C, NFC'),(89,89,'12GB','512GB','Apple A18 Pro','6.1 inch OLED 120Hz','3600mAh','48MP','iOS 18','30W','5G, WiFi 6E, Bluetooth 5.3, USB-C, NFC'),(90,90,'12GB','1TB','Apple A18 Pro','6.7 inch OLED 120Hz','4700mAh','48MP','iOS 18','30W','5G, WiFi 6E, Bluetooth 5.3, USB-C, NFC'),(91,91,'12GB','512GB','Apple A18 Pro','6.7 inch OLED 120Hz','4700mAh','48MP','iOS 18','30W','5G, WiFi 6E, Bluetooth 5.3, USB-C, NFC'),(92,92,'6GB','128GB','Apple A18','6.1 inch OLED','3500mAh','48MP','iOS 18','25W','5G, WiFi 6E, Bluetooth 5.3, USB-C, NFC'),(93,93,'6GB','256GB','Apple A18','6.1 inch OLED','3500mAh','48MP','iOS 18','25W','5G, WiFi 6E, Bluetooth 5.3, USB-C, NFC'),(94,94,'8GB','256GB','Apple A19','6.1 inch OLED','3600mAh','48MP','iOS 19','30W','5G, WiFi 6E, Bluetooth 5.3, USB-C, NFC'),(95,95,'8GB','512GB','Apple A19','6.1 inch OLED','3600mAh','48MP','iOS 19','30W','5G, WiFi 6E, Bluetooth 5.3, USB-C, NFC'),(96,96,'12GB','1TB','Apple A19 Pro','6.1 inch OLED 120Hz','3800mAh','48MP','iOS 19','35W','5G, WiFi 6E, Bluetooth 5.3, USB-C, NFC'),(97,97,'12GB','256GB','Apple A19 Pro','6.1 inch OLED 120Hz','3800mAh','48MP','iOS 19','35W','5G, WiFi 6E, Bluetooth 5.3, USB-C, NFC'),(98,98,'12GB','512GB','Apple A19 Pro','6.1 inch OLED 120Hz','3800mAh','48MP','iOS 19','35W','5G, WiFi 6E, Bluetooth 5.3, USB-C, NFC'),(99,99,'12GB','1TB','Apple A19 Pro','6.7 inch OLED 120Hz','4800mAh','48MP','iOS 19','35W','5G, WiFi 6E, Bluetooth 5.3, USB-C, NFC'),(100,100,'12GB','2TB','Apple A19 Pro','6.7 inch OLED 120Hz','4800mAh','48MP','iOS 19','35W','5G, WiFi 6E, Bluetooth 5.3, USB-C, NFC'),(101,101,'12GB','256GB','Apple A19 Pro','6.7 inch OLED 120Hz','4800mAh','48MP','iOS 19','35W','5G, WiFi 6E, Bluetooth 5.3, USB-C, NFC'),(102,102,'12GB','512GB','Apple A19 Pro','6.7 inch OLED 120Hz','4800mAh','48MP','iOS 19','35W','5G, WiFi 6E, Bluetooth 5.3, USB-C, NFC'),(103,103,'8GB','256GB','Apple A19','6.1 inch OLED','3600mAh','48MP','iOS 19','30W','5G, WiFi 6E, Bluetooth 5.3, USB-C, NFC'),(104,104,'8GB','512GB','Apple A19','6.1 inch OLED','3600mAh','48MP','iOS 19','30W','5G, WiFi 6E, Bluetooth 5.3, USB-C, NFC'),(105,105,'8GB','1TB','Apple A18','6.6 inch OLED','4200mAh','48MP','iOS 19','30W','5G, WiFi 6E, Bluetooth 5.3, USB-C, NFC'),(106,106,'8GB','256GB','Apple A18','6.6 inch OLED','4200mAh','48MP','iOS 19','30W','5G, WiFi 6E, Bluetooth 5.3, USB-C, NFC'),(107,107,'8GB','512GB','Apple A18','6.6 inch OLED','4200mAh','48MP','iOS 19','30W','5G, WiFi 6E, Bluetooth 5.3, USB-C, NFC'),(108,108,'8GB','256GB','Unisoc T606','6.6 inch 90Hz','5000mAh','50MP','Android 14','18W','4G LTE, WiFi 5, Bluetooth 5.0, USB-C, NFC'),(109,109,'48MB','128MB','Unisoc T107','2.8 inch','1450mAh','0.3MP','Feature Phone','5W','4G/3G/2G, Bluetooth 4.2, USB Micro-B'),(110,110,'8GB','128GB','Helio G99','6.56 inch 120Hz','5000mAh','50MP','Android 14','18W','4G LTE, WiFi 5, Bluetooth 5.0, USB-C, NFC'),(111,111,'8GB','256GB','Helio G99','6.56 inch 120Hz','5000mAh','50MP','Android 14','18W','4G LTE, WiFi 5, Bluetooth 5.0, USB-C, NFC'),(112,112,'12GB','256GB','Helio G99','6.56 inch 120Hz','5000mAh','50MP','Android 14','18W','4G LTE, WiFi 5, Bluetooth 5.0, USB-C, NFC'),(113,113,'8GB','256GB','Unisoc T606','6.6 inch 90Hz','5000mAh','50MP','Android 14','18W','4G LTE, WiFi 5, Bluetooth 5.0, USB-C'),(114,114,'3GB','32GB','Snapdragon 429','6.26 inch HD+','4000mAh','13MP','Android 14','18W','4G LTE, WiFi 5, Bluetooth 5.0, USB-C'),(115,115,'4GB','128GB','Snapdragon 660','6.3 inch Full HD+','3500mAh','48MP','Android 14','18W','4G LTE, WiFi 5, Bluetooth 5.0, USB-C'),(116,116,'64MB','128MB','Unisoc T107','2.0 inch','1450mAh','Không','Feature Phone','5W','4G/3G/2G, Bluetooth 4.2, USB Micro-B'),(117,117,'128MB','64MB','Unisoc T107','2.0 inch','1450mAh','QVGA','Feature Phone','5W','4G/3G/2G, Bluetooth 4.2, USB Micro-B'),(118,118,'8MB','8MB','Series 30+','2.4 inch','1450mAh','Không','Feature Phone','5W','4G/3G/2G, Bluetooth 4.2, USB Micro-B'),(119,119,'8MB','8MB','Series 30+','2.4 inch','1450mAh','0.3MP','Feature Phone','5W','4G/3G/2G, Bluetooth 4.2, USB Micro-B'),(120,120,'64MB','128MB','Unisoc T107','2.8 inch','1450mAh','QVGA','Feature Phone','5W','4G/3G/2G, Bluetooth 4.2, USB Micro-B'),(121,121,'128MB','64MB','Unisoc T107','2.4 inch','1450mAh','2MP','Feature Phone','5W','4G/3G/2G, Bluetooth 4.2, USB Micro-B'),(122,122,'4GB','128GB','Unisoc SC9863A','6.5 inch HD+','5000mAh','50MP','Android 14','18W','4G LTE, WiFi 5, Bluetooth 5.0, USB-C'),(123,123,'64MB','128MB','Unisoc T107','2.0 inch','1450mAh','Không','Feature Phone','5W','4G/3G/2G, Bluetooth 4.2, USB Micro-B'),(124,124,'8GB','128GB','Snapdragon 778G+','6.55 inch OLED 120Hz','4500mAh','50MP','Android 14','33W','4G LTE, WiFi 5, Bluetooth 5.0, USB-C, NFC'),(125,125,'12GB','256GB','Snapdragon 8+ Gen 1','6.7 inch OLED 120Hz','4700mAh','50MP','Android 14','67W','4G LTE, WiFi 5, Bluetooth 5.0, USB-C, NFC'),(126,126,'8GB','128GB','Dimensity 7200','6.7 inch AMOLED 120Hz','5000mAh','50MP','Android 14','67W','5G, WiFi 6, Bluetooth 5.3, USB-C, NFC'),(127,127,'12GB','256GB','Dimensity 7200','6.7 inch AMOLED 120Hz','5000mAh','50MP','Android 14','67W','5G, WiFi 6, Bluetooth 5.3, USB-C, NFC'),(128,128,'12GB','256GB','Dimensity 7200 Pro','6.7 inch AMOLED 120Hz','5000mAh','50MP','Android 14','67W','5G, WiFi 6, Bluetooth 5.3, USB-C, NFC'),(129,129,'8GB','128GB','Dimensity 7300','6.7 inch AMOLED 120Hz','5000mAh','50MP','Android 14','50W','4G LTE, WiFi 5, Bluetooth 5.0, USB-C, NFC'),(130,130,'12GB','256GB','Dimensity 7350 Pro','6.7 inch AMOLED 120Hz','5000mAh','64MP','Android 14','50W','4G LTE, WiFi 5, Bluetooth 5.0, USB-C, NFC'),(131,131,'4GB','64GB','Unisoc T606','6.6 inch HD+','5000mAh','13MP','Android 14','18W','4G LTE, WiFi 5, Bluetooth 5.0, USB-C'),(132,132,'8GB','256GB','Dimensity 6020','6.6 inch FHD+ 120Hz','5000mAh','50MP','Android 14','18W','5G, WiFi 6, Bluetooth 5.3, USB-C'),(133,133,'8GB','256GB','Unisoc T820','6.6 inch FHD+ 120Hz','6000mAh','50MP','Android 14','18W','5G, WiFi 6, Bluetooth 5.3, USB-C'),(134,134,'8GB','128GB','Unisoc T606','6.6 inch HD+','5000mAh','50MP','Android 14','18W','4G LTE, WiFi 5, Bluetooth 5.0, USB-C'),(135,135,'8GB','256GB','Dimensity 6020','6.6 inch FHD+ 120Hz','5000mAh','50MP','Android 14','18W','5G, WiFi 6, Bluetooth 5.3, USB-C'),(136,136,'12GB','256GB','Dimensity 8020','6.8 inch AMOLED 144Hz','5000mAh','64MP','Android 14','18W','4G LTE, WiFi 5, Bluetooth 5.0, USB-C'),(137,137,'12GB','256GB','Snapdragon 8 Gen 1','6.8 inch AMOLED 120Hz','5000mAh','64MP','Android 14','165W','4G LTE, WiFi 5, Bluetooth 5.0, USB-C'),(138,138,'12GB','256GB','Snapdragon 8+ Gen 1','6.8 inch AMOLED 120Hz','5000mAh','64MP','Android 14','100W','4G LTE, WiFi 5, Bluetooth 5.0, USB-C'),(139,139,'16GB','512GB','Snapdragon 8 Gen 3','6.8 inch AMOLED 165Hz','6500mAh','50MP','Android 14','165W','4G LTE, WiFi 5, Bluetooth 5.0, USB-C'),(140,140,'12GB','256GB','Snapdragon 8+ Gen 1','6.8 inch AMOLED 120Hz','6000mAh','50MP','Android 14','165W','5G, WiFi 6, Bluetooth 5.3, USB-C'),(141,141,'16GB','512GB','Snapdragon 8+ Gen 1','6.8 inch AMOLED 120Hz','6000mAh','50MP','Android 14','165W','4G LTE, WiFi 5, Bluetooth 5.0, USB-C'),(142,142,'6GB','256GB','Unisoc T606','6.6 inch HD+','5000mAh','50MP','Android 14','18W','4G LTE, WiFi 5, Bluetooth 5.0, USB-C'),(143,143,'8GB','128GB','Unisoc T606','6.6 inch HD+','5000mAh','50MP','Android 14','18W','4G LTE, WiFi 5, Bluetooth 5.0, USB-C'),(144,144,'4GB','128GB','Unisoc T606','6.6 inch HD+','6000mAh','50MP','Android 14','18W','4G LTE, WiFi 5, Bluetooth 5.0, USB-C'),(145,145,'6GB','128GB','Unisoc T606','6.6 inch HD+','6000mAh','50MP','Android 14','18W','4G LTE, WiFi 5, Bluetooth 5.0, USB-C'),(146,146,'8GB','128GB','Dimensity 7020','6.7 inch FHD+ 120Hz','5000mAh','64MP','Android 14','18W','4G LTE, WiFi 5, Bluetooth 5.0, USB-C'),(147,147,'8GB','128GB','Dimensity 7020','6.7 inch FHD+ 120Hz','5000mAh','64MP','Android 14','18W','4G LTE, WiFi 5, Bluetooth 5.0, USB-C'),(148,148,'8GB','256GB','Dimensity 7020','6.7 inch FHD+ 120Hz','5000mAh','64MP','Android 14','18W','4G LTE, WiFi 5, Bluetooth 5.0, USB-C'),(149,149,'12GB','256GB','Snapdragon 8 Gen 1','6.7 inch AMOLED 144Hz','5000mAh','64MP','Android 14','80W','4G LTE, WiFi 5, Bluetooth 5.0, USB-C, NFC'),(150,150,'12GB','256GB','Snapdragon 8 Gen 3','6.8 inch AMOLED 120Hz','6000mAh','50MP','Android 14','80W','5G, WiFi 6, Bluetooth 5.3, USB-C, NFC'),(151,151,'12GB','256GB','Snapdragon 8 Gen 3','6.8 inch AMOLED 120Hz','6000mAh','50MP','Android 14','80W','5G, WiFi 6, Bluetooth 5.3, USB-C, NFC'),(152,152,'16GB','512GB','Snapdragon 8+ Gen 1','6.8 inch AMOLED 120Hz','6000mAh','50MP','Android 14','165W','4G LTE, WiFi 5, Bluetooth 5.0, USB-C'),(153,153,'12GB','256GB','Snapdragon 8 Gen 3','6.8 inch AMOLED 120Hz','6000mAh','50MP','Android 14','80W','4G LTE, WiFi 5, Bluetooth 5.0, USB-C, NFC'),(154,154,'12GB','256GB','Snapdragon 8 Gen 2','6.8 inch AMOLED 120Hz','5000mAh','64MP','Android 14','80W','4G LTE, WiFi 5, Bluetooth 5.0, USB-C, NFC'),(155,155,'16GB','512GB','Snapdragon 8 Gen 2','6.8 inch AMOLED 120Hz','5000mAh','64MP','Android 14','80W','4G LTE, WiFi 5, Bluetooth 5.0, USB-C, NFC'),(156,156,'6GB','128GB','Snapdragon 6s Gen 1','6.67 inch 120Hz','5100mAh','50MP','Android 14','18W','4G LTE, WiFi 5, Bluetooth 5.0, USB-C'),(157,157,'8GB','256GB','Snapdragon 6s Gen 1','6.67 inch 120Hz','5100mAh','50MP','Android 14','18W','4G LTE, WiFi 5, Bluetooth 5.0, USB-C'),(158,158,'6GB','128GB','Snapdragon 6s Gen 1','6.67 inch 120Hz','5100mAh','50MP','Android 14','18W','4G LTE, WiFi 5, Bluetooth 5.0, USB-C'),(159,159,'4GB','64GB','Helio G85','6.56 inch 90Hz','5000mAh','8MP','Android 14','18W','4G LTE, WiFi 5, Bluetooth 5.0, USB-C'),(160,160,'4GB','128GB','Helio G85','6.56 inch 90Hz','5000mAh','8MP','Android 14','18W','4G LTE, WiFi 5, Bluetooth 5.0, USB-C'),(161,161,'6GB','128GB','Helio G85','6.56 inch 90Hz','5000mAh','8MP','Android 14','18W','4G LTE, WiFi 5, Bluetooth 5.0, USB-C'),(162,162,'8GB','128GB','Snapdragon 6 Gen 1','6.67 inch 120Hz','5800mAh','50MP','Android 14','18W','4G LTE, WiFi 5, Bluetooth 5.0, USB-C'),(163,163,'8GB','128GB','Snapdragon 7s Gen 2','6.7 inch AMOLED 120Hz','5500mAh','50MP','Android 14','18W','4G LTE, WiFi 5, Bluetooth 5.0, USB-C'),(164,164,'8GB','256GB','Snapdragon 7s Gen 2','6.7 inch AMOLED 120Hz','5500mAh','50MP','Android 14','18W','4G LTE, WiFi 5, Bluetooth 5.0, USB-C'),(165,165,'4GB','64GB','Snapdragon 680','6.56 inch 90Hz','5000mAh','50MP','Android 14','18W','4G LTE, WiFi 5, Bluetooth 5.0, USB-C'),(166,166,'4GB','128GB','Snapdragon 680','6.56 inch 90Hz','5000mAh','50MP','Android 14','18W','4G LTE, WiFi 5, Bluetooth 5.0, USB-C'),(167,167,'6GB','256GB','Snapdragon 680','6.56 inch 90Hz','5000mAh','50MP','Android 14','18W','4G LTE, WiFi 5, Bluetooth 5.0, USB-C'),(168,168,'3GB','64GB','Helio G35','6.56 inch HD+','5000mAh','8MP','Android 14','18W','4G LTE, WiFi 5, Bluetooth 5.0, USB-C'),(169,169,'4GB','64GB','Helio G85','6.56 inch 90Hz','5000mAh','8MP','Android 14','18W','4G LTE, WiFi 5, Bluetooth 5.0, USB-C'),(170,170,'4GB','128GB','Helio P35','6.5 inch HD+','4230mAh','12MP','Android 14','18W','4G LTE, WiFi 5, Bluetooth 5.0, USB-C'),(171,171,'4GB','128GB','Snapdragon 460','6.5 inch 90Hz','5000mAh','13MP','Android 14','18W','4G LTE, WiFi 5, Bluetooth 5.0, USB-C'),(172,172,'6GB','128GB','Snapdragon 665','6.5 inch FHD+','5000mAh','12MP','Android 14','18W','4G LTE, WiFi 5, Bluetooth 5.0, USB-C'),(173,173,'6GB','128GB','Helio G85','6.72 inch FHD+','5000mAh','50MP','Android 14','18W','4G LTE, WiFi 5, Bluetooth 5.0, USB-C'),(174,174,'8GB','128GB','Helio G85','6.72 inch FHD+','5000mAh','50MP','Android 14','18W','4G LTE, WiFi 5, Bluetooth 5.0, USB-C'),(175,175,'8GB','256GB','Snapdragon 680','6.43 inch AMOLED 90Hz','5000mAh','50MP','Android 14','18W','4G LTE, WiFi 5, Bluetooth 5.0, USB-C'),(176,176,'8GB','256GB','Dimensity 6020','6.72 inch FHD+ 90Hz','5000mAh','50MP','Android 14','18W','5G, WiFi 6, Bluetooth 5.3, USB-C'),(177,177,'8GB','128GB','Snapdragon 665','6.5 inch FHD+','5000mAh','48MP','Android 14','18W','4G LTE, WiFi 5, Bluetooth 5.0, USB-C'),(178,178,'6GB','128GB','Helio P70','6.53 inch FHD+','4000mAh','48MP','Android 14','18W','4G LTE, WiFi 5, Bluetooth 5.0, USB-C'),(179,179,'16GB','512GB','Snapdragon 8 Gen 2','7.82 inch OLED 120Hz','4805mAh','48MP','Android 14','80W','4G LTE, WiFi 5, Bluetooth 5.0, USB-C, NFC'),(180,180,'12GB','256GB','Dimensity 9200','6.8 inch AMOLED 120Hz','4300mAh','50MP','Android 14','80W','4G LTE, WiFi 5, Bluetooth 5.0, USB-C, NFC'),(181,181,'16GB','512GB','Snapdragon 8 Elite','8.12 inch OLED 120Hz','5600mAh','50MP','Android 14','80W','4G LTE, WiFi 5, Bluetooth 5.0, USB-C, NFC'),(182,182,'16GB','512GB','Snapdragon 8 Elite','8.12 inch OLED 120Hz','5700mAh','50MP','Android 14','90W','4G LTE, WiFi 5, Bluetooth 5.0, USB-C, NFC'),(183,183,'12GB','256GB','Snapdragon 8 Gen 1','6.7 inch AMOLED 120Hz','5000mAh','50MP','Android 14','80W','5G, WiFi 6, Bluetooth 5.3, USB-C, NFC'),(184,184,'16GB','512GB','Dimensity 9400','6.78 inch AMOLED 120Hz','5630mAh','50MP','Android 14','80W','4G LTE, WiFi 5, Bluetooth 5.0, USB-C, NFC'),(185,185,'16GB','512GB','Dimensity 9400','6.78 inch AMOLED 120Hz','5910mAh','50MP','Android 14','80W','5G, WiFi 6, Bluetooth 5.3, USB-C, NFC'),(186,186,'12GB','256GB','Dimensity 9500','6.78 inch AMOLED 120Hz','5800mAh','50MP','Android 15','80W','4G LTE, WiFi 5, Bluetooth 5.0, USB-C, NFC'),(187,187,'16GB','512GB','Dimensity 9500','6.78 inch AMOLED 120Hz','6000mAh','50MP','Android 15','80W','4G LTE, WiFi 5, Bluetooth 5.0, USB-C, NFC'),(188,188,'16GB','512GB','Dimensity 9500','6.82 inch AMOLED 120Hz','6000mAh','50MP','Android 15','80W','4G LTE, WiFi 5, Bluetooth 5.0, USB-C, NFC'),(189,189,'16GB','1TB','Dimensity 9500','6.82 inch AMOLED 120Hz','6100mAh','50MP','Android 15','90W','4G LTE, WiFi 5, Bluetooth 5.0, USB-C, NFC'),(190,190,'12GB','512GB','Dimensity 9400+','6.78 inch AMOLED 120Hz','5800mAh','50MP','Android 15','80W','4G LTE, WiFi 5, Bluetooth 5.0, USB-C, NFC'),(191,191,'8GB','256GB','Dimensity 7050','6.7 inch AMOLED 120Hz','5000mAh','64MP','Android 14','67W','5G, WiFi 6, Bluetooth 5.3, USB-C'),(192,192,'12GB','256GB','Snapdragon 8+ Gen 1','6.74 inch AMOLED 120Hz','4700mAh','50MP','Android 14','67W','5G, WiFi 6, Bluetooth 5.3, USB-C'),(193,193,'12GB','256GB','Dimensity 7300-Energy','6.7 inch AMOLED 120Hz','5000mAh','50MP','Android 14','67W','5G, WiFi 6, Bluetooth 5.3, USB-C'),(194,194,'8GB','256GB','Snapdragon 685','6.67 inch AMOLED 120Hz','5000mAh','50MP','Android 14','67W','4G LTE, WiFi 5, Bluetooth 5.0, USB-C'),(195,195,'8GB','256GB','Dimensity 6300','6.67 inch AMOLED 120Hz','5000mAh','50MP','Android 14','67W','5G, WiFi 6, Bluetooth 5.3, USB-C'),(196,196,'12GB','256GB','Dimensity 6300','6.67 inch AMOLED 120Hz','5000mAh','50MP','Android 14','67W','5G, WiFi 6, Bluetooth 5.3, USB-C'),(197,197,'12GB','256GB','Dimensity 7300-Energy','6.67 inch AMOLED 120Hz','5800mAh','50MP','Android 14','67W','5G, WiFi 6, Bluetooth 5.3, USB-C'),(198,198,'8GB','256GB','Snapdragon 6 Gen 1','6.67 inch AMOLED 120Hz','5000mAh','50MP','Android 14','67W','4G LTE, WiFi 5, Bluetooth 5.0, USB-C'),(199,199,'8GB','128GB','Snapdragon 685','6.67 inch AMOLED 120Hz','5000mAh','50MP','Android 14','67W','4G LTE, WiFi 5, Bluetooth 5.0, USB-C'),(200,200,'12GB','256GB','Snapdragon 685','6.67 inch AMOLED 120Hz','5000mAh','50MP','Android 14','67W','4G LTE, WiFi 5, Bluetooth 5.0, USB-C'),(201,201,'12GB','512GB','Snapdragon 685','6.67 inch AMOLED 120Hz','5000mAh','50MP','Android 14','67W','4G LTE, WiFi 5, Bluetooth 5.0, USB-C'),(202,202,'8GB','128GB','Snapdragon 6 Gen 1','6.67 inch AMOLED 120Hz','5800mAh','50MP','Android 14','67W','5G, WiFi 6, Bluetooth 5.3, USB-C'),(203,203,'8GB','256GB','Snapdragon 6 Gen 1','6.67 inch AMOLED 120Hz','5800mAh','50MP','Android 14','67W','5G, WiFi 6, Bluetooth 5.3, USB-C'),(204,204,'12GB','512GB','Snapdragon 6 Gen 1','6.67 inch AMOLED 120Hz','5800mAh','50MP','Android 14','67W','5G, WiFi 6, Bluetooth 5.3, USB-C'),(205,205,'12GB','256GB','Dimensity 8350','6.59 inch AMOLED 120Hz','5600mAh','50MP','Android 14','80W','5G, WiFi 6, Bluetooth 5.3, USB-C'),(206,206,'8GB','256GB','Snapdragon 6 Gen 1','6.67 inch AMOLED 120Hz','5800mAh','50MP','Android 14','80W','5G, WiFi 6, Bluetooth 5.3, USB-C'),(207,207,'12GB','256GB','Dimensity 8450','6.59 inch AMOLED 120Hz','5800mAh','50MP','Android 15','80W','5G, WiFi 6, Bluetooth 5.3, USB-C'),(208,208,'8GB','256GB','Snapdragon 6 Gen 1','6.67 inch AMOLED 120Hz','5800mAh','50MP','Android 15','80W','5G, WiFi 6, Bluetooth 5.3, USB-C'),(209,209,'6GB','128GB','Snapdragon 778G','6.6 inch 144Hz','5000mAh','48MP','Android 14','33W','5G, WiFi 6, Bluetooth 5.3, USB-C'),(210,210,'8GB','256GB','Helio G99','6.4 inch AMOLED','5000mAh','50MP','Android 14','33W','4G LTE, WiFi 5, Bluetooth 5.0, USB-C'),(211,211,'12GB','256GB','Dimensity 1080','6.7 inch AMOLED','5000mAh','108MP','Android 14','33W','4G LTE, WiFi 5, Bluetooth 5.0, USB-C'),(212,212,'8GB','128GB','Dimensity 6100+','6.6 inch 90Hz','5000mAh','64MP','Android 14','33W','4G LTE, WiFi 5, Bluetooth 5.0, USB-C'),(213,213,'8GB','256GB','Dimensity 7050','6.67 inch 120Hz','5000mAh','50MP','Android 14','33W','5G, WiFi 6, Bluetooth 5.3, USB-C'),(214,214,'12GB','256GB','Dimensity 7050','6.67 inch 120Hz','5000mAh','50MP','Android 14','33W','5G, WiFi 6, Bluetooth 5.3, USB-C'),(215,215,'4GB','64GB','Unisoc T612','6.6 inch HD+','5000mAh','8MP','Android 14','33W','4G LTE, WiFi 5, Bluetooth 5.0, USB-C'),(216,216,'8GB','256GB','Snapdragon 685','6.72 inch FHD+','5000mAh','108MP','Android 14','33W','4G LTE, WiFi 5, Bluetooth 5.0, USB-C'),(217,217,'12GB','256GB','Snapdragon 8 Gen 1','6.7 inch AMOLED 144Hz','5000mAh','50MP','Android 14','150W','4G LTE, WiFi 5, Bluetooth 5.0, USB-C, NFC'),(218,218,'16GB','512GB','Snapdragon 8 Gen 2','6.74 inch AMOLED','4600mAh','50MP','Android 14','150W','4G LTE, WiFi 5, Bluetooth 5.0, USB-C, NFC'),(219,219,'4GB','128GB','Helio G96','6.6 inch FHD+','5000mAh','50MP','Android 14','33W','4G LTE, WiFi 5, Bluetooth 5.0, USB-C'),(220,220,'4GB','64GB','Exynos 850','6.5 inch 90Hz','5000mAh','50MP','Android 14','25W','4G LTE, WiFi 5, Bluetooth 5.0, USB-C'),(221,221,'6GB','128GB','Snapdragon 680','6.7 inch 90Hz','5000mAh','50MP','Android 14','25W','4G LTE, WiFi 5, Bluetooth 5.0, USB-C'),(222,222,'4GB','128GB','Helio G85','6.7 inch HD+','5000mAh','50MP','Android 14','25W','4G LTE, WiFi 5, Bluetooth 5.0, USB-C'),(223,223,'4GB','128GB','Dimensity 6100+','6.7 inch HD+ 90Hz','5000mAh','50MP','Android 14','25W','5G, WiFi 6, Bluetooth 5.3, USB-C'),(224,224,'4GB','128GB','Exynos 1330','6.7 inch 90Hz','5000mAh','50MP','Android 14','25W','4G LTE, WiFi 5, Bluetooth 5.0, USB-C'),(225,225,'4GB','128GB','Dimensity 6100+','6.7 inch 90Hz','5000mAh','50MP','Android 14','25W','5G, WiFi 6, Bluetooth 5.3, USB-C'),(226,226,'8GB','256GB','Dimensity 6100+','6.7 inch 90Hz','5000mAh','50MP','Android 14','25W','4G LTE, WiFi 5, Bluetooth 5.0, USB-C'),(227,227,'8GB','256GB','Dimensity 6100+','6.5 inch Super AMOLED 90Hz','5000mAh','50MP','Android 14','25W','5G, WiFi 6, Bluetooth 5.3, USB-C'),(228,228,'8GB','128GB','Helio G99','6.5 inch Super AMOLED 90Hz','5000mAh','50MP','Android 14','25W','4G LTE, WiFi 5, Bluetooth 5.0, USB-C'),(229,229,'8GB','128GB','Exynos 1330','6.7 inch Super AMOLED 90Hz','5000mAh','50MP','Android 14','25W','5G, WiFi 6, Bluetooth 5.3, USB-C'),(230,230,'8GB','256GB','Exynos 1330','6.7 inch Super AMOLED 90Hz','5000mAh','50MP','Android 14','25W','5G, WiFi 6, Bluetooth 5.3, USB-C'),(231,231,'4GB','128GB','Helio G99','6.7 inch Super AMOLED 90Hz','5000mAh','50MP','Android 14','25W','4G LTE, WiFi 5, Bluetooth 5.0, USB-C'),(232,232,'8GB','128GB','Exynos 1380','6.7 inch Super AMOLED 120Hz','5000mAh','50MP','Android 15','25W','5G, WiFi 6, Bluetooth 5.3, USB-C'),(233,233,'8GB','128GB','Helio G99','6.7 inch Super AMOLED 120Hz','5000mAh','50MP','Android 14','25W','4G LTE, WiFi 5, Bluetooth 5.0, USB-C'),(234,234,'6GB','128GB','Exynos 850','6.5 inch HD+','5000mAh','48MP','Android 14','18W','4G LTE, WiFi 5, Bluetooth 5.0, USB-C'),(235,235,'6GB','128GB','Snapdragon 680','6.6 inch FHD+ 90Hz','5000mAh','50MP','Android 14','18W','4G LTE, WiFi 5, Bluetooth 5.0, USB-C'),(236,236,'6GB','128GB','Exynos 1280','6.5 inch Super AMOLED 120Hz','5000mAh','50MP','Android 14','18W','5G, WiFi 6, Bluetooth 5.3, USB-C'),(237,237,'8GB','128GB','Exynos 1380','6.7 inch Super AMOLED 120Hz','5000mAh','50MP','Android 14','18W','5G, WiFi 6, Bluetooth 5.3, USB-C'),(238,238,'8GB','128GB','Dimensity 1080','6.6 inch Super AMOLED 120Hz','5000mAh','48MP','Android 14','25W','5G, WiFi 6, Bluetooth 5.3, USB-C, NFC'),(239,239,'8GB','256GB','Dimensity 1080','6.6 inch Super AMOLED 120Hz','5000mAh','48MP','Android 14','25W','5G, WiFi 6, Bluetooth 5.3, USB-C, NFC'),(240,240,'8GB','256GB','Exynos 1480','6.6 inch Super AMOLED 120Hz','5000mAh','50MP','Android 14','25W','5G, WiFi 6, Bluetooth 5.3, USB-C, NFC'),(241,241,'8GB','128GB','Exynos 1580','6.7 inch Super AMOLED 120Hz','5000mAh','50MP','Android 14','25W','5G, WiFi 6, Bluetooth 5.3, USB-C, NFC'),(242,242,'8GB','128GB','Exynos 1580','6.7 inch Super AMOLED 120Hz','5000mAh','50MP','Android 15','25W','5G, WiFi 6, Bluetooth 5.3, USB-C, NFC'),(243,243,'6GB','128GB','Exynos 1580','6.7 inch Super AMOLED 120Hz','5000mAh','50MP','Android 15','25W','4G LTE, WiFi 5, Bluetooth 5.0, USB-C, NFC'),(244,244,'8GB','256GB','Exynos 1580','6.7 inch Super AMOLED 120Hz','5000mAh','50MP','Android 15','25W','4G LTE, WiFi 5, Bluetooth 5.0, USB-C, NFC'),(245,245,'6GB','128GB','Exynos 9611','6.4 inch Super AMOLED','4000mAh','48MP','Android 14','25W','4G LTE, WiFi 5, Bluetooth 5.0, USB-C, NFC'),(246,246,'8GB','128GB','Snapdragon 778G','6.5 inch Super AMOLED 120Hz','4500mAh','64MP','Android 14','25W','5G, WiFi 6, Bluetooth 5.3, USB-C, NFC'),(247,247,'8GB','256GB','Exynos 1380','6.4 inch Super AMOLED 120Hz','5000mAh','50MP','Android 14','25W','4G LTE, WiFi 5, Bluetooth 5.0, USB-C, NFC'),(248,248,'8GB','128GB','Exynos 1480','6.6 inch Super AMOLED 120Hz','5000mAh','50MP','Android 14','25W','5G, WiFi 6, Bluetooth 5.3, USB-C, NFC'),(249,249,'12GB','256GB','Exynos 1480','6.6 inch Super AMOLED 120Hz','5000mAh','50MP','Android 14','25W','5G, WiFi 6, Bluetooth 5.3, USB-C, NFC'),(250,250,'8GB','128GB','Exynos','6.7 inch AMOLED','5000mAh','50MP','Android 14','25W','5G, WiFi 6, Bluetooth 5.3, USB-C, NFC'),(251,251,'8GB','128GB','Exynos','6.7 inch AMOLED','5000mAh','50MP','Android 14','25W','5G, WiFi 6, Bluetooth 5.3, USB-C, NFC'),(252,252,'8GB','256GB','Exynos','6.7 inch AMOLED','5000mAh','50MP','Android 14','25W','4G LTE, WiFi 5, Bluetooth 5.0, USB-C, NFC'),(253,253,'12GB','256GB','Exynos','6.7 inch AMOLED','5000mAh','50MP','Android 14','25W','4G LTE, WiFi 5, Bluetooth 5.0, USB-C, NFC'),(254,254,'6GB','128GB','Snapdragon 675','6.7 inch AMOLED','4500mAh','32MP','Android 14','25W','4G LTE, WiFi 5, Bluetooth 5.0, USB-C'),(255,255,'8GB','128GB','Snapdragon','6.7 inch AMOLED','5000mAh','50MP','Android 14','18W','4G LTE, WiFi 5, Bluetooth 5.0, USB-C'),(256,256,'6GB','128GB','Exynos','6.4 inch AMOLED','6000mAh','64MP','Android 14','18W','4G LTE, WiFi 5, Bluetooth 5.0, USB-C'),(257,257,'8GB','256GB','Snapdragon','6.7 inch AMOLED','5000mAh','50MP','Android 14','25W','5G, WiFi 6, Bluetooth 5.3, USB-C'),(258,258,'12GB','256GB','Snapdragon','6.7 inch AMOLED','5000mAh','50MP','Android 14','25W','4G LTE, WiFi 5, Bluetooth 5.0, USB-C'),(259,259,'8GB','256GB','Exynos','6.3 inch AMOLED','3500mAh','12MP','Android 14','25W','4G LTE, WiFi 5, Bluetooth 5.0, USB-C'),(260,260,'8GB','256GB','Exynos','6.8 inch AMOLED','4300mAh','12MP','Android 14','25W','4G LTE, WiFi 5, Bluetooth 5.0, USB-C'),(261,261,'12GB','512GB','Snapdragon','6.9 inch AMOLED','4500mAh','108MP','Android 14','25W','5G, WiFi 6, Bluetooth 5.3, USB-C'),(262,262,'4GB','64GB','Exynos','5.8 inch AMOLED','3000mAh','12MP','Android 14','25W','4G LTE, WiFi 5, Bluetooth 5.0, USB-C, NFC'),(263,263,'8GB','128GB','Exynos 990','6.2 inch AMOLED','4000mAh','64MP','Android 14','45W','4G LTE, WiFi 5, Bluetooth 5.0, USB-C, NFC'),(264,264,'8GB','128GB','Exynos 2100','6.4 inch AMOLED','4500mAh','12MP','Android 14','45W','4G LTE, WiFi 5, Bluetooth 5.0, USB-C, NFC'),(265,265,'8GB','128GB','Snapdragon 8 Gen 1','6.6 inch AMOLED','4500mAh','50MP','Android 14','45W','4G LTE, WiFi 5, Bluetooth 5.0, USB-C, NFC'),(266,266,'12GB','512GB','Snapdragon 8 Gen 1','6.8 inch AMOLED','5000mAh','108MP','Android 14','45W','4G LTE, WiFi 5, Bluetooth 5.0, USB-C, NFC'),(267,267,'8GB','128GB','Snapdragon 8 Gen 1','6.8 inch AMOLED','5000mAh','108MP','Android 14','45W','4G LTE, WiFi 5, Bluetooth 5.0, USB-C, NFC'),(268,268,'8GB','128GB','Snapdragon 8 Gen 2','6.1 inch AMOLED','3900mAh','50MP','Android 14','45W','4G LTE, WiFi 5, Bluetooth 5.0, USB-C, NFC'),(269,269,'8GB','256GB','Snapdragon 8 Gen 2','6.1 inch AMOLED','3900mAh','50MP','Android 14','45W','4G LTE, WiFi 5, Bluetooth 5.0, USB-C, NFC'),(270,270,'8GB','256GB','Snapdragon 8 Gen 2','6.6 inch AMOLED','4700mAh','50MP','Android 14','45W','4G LTE, WiFi 5, Bluetooth 5.0, USB-C, NFC'),(271,271,'8GB','512GB','Snapdragon 8 Gen 2','6.6 inch AMOLED','4700mAh','50MP','Android 14','45W','4G LTE, WiFi 5, Bluetooth 5.0, USB-C, NFC'),(272,272,'12GB','256GB','Snapdragon 8 Gen 2','6.8 inch AMOLED','5000mAh','200MP','Android 14','45W','4G LTE, WiFi 5, Bluetooth 5.0, USB-C, NFC'),(273,273,'12GB','512GB','Snapdragon 8 Gen 2','6.8 inch AMOLED','5000mAh','200MP','Android 14','45W','4G LTE, WiFi 5, Bluetooth 5.0, USB-C, NFC'),(274,274,'12GB','1TB','Snapdragon 8 Gen 2','6.8 inch AMOLED','5000mAh','200MP','Android 14','45W','4G LTE, WiFi 5, Bluetooth 5.0, USB-C, NFC'),(275,275,'8GB','256GB','Exynos 2400','6.2 inch AMOLED','4000mAh','50MP','Android 14','45W','4G LTE, WiFi 5, Bluetooth 5.0, USB-C, NFC'),(276,276,'8GB','512GB','Exynos 2400','6.2 inch AMOLED','4000mAh','50MP','Android 14','45W','4G LTE, WiFi 5, Bluetooth 5.0, USB-C, NFC'),(277,277,'8GB','128GB','Exynos 2400','6.4 inch AMOLED','4500mAh','50MP','Android 14','45W','5G, WiFi 6, Bluetooth 5.3, USB-C, NFC'),(278,278,'12GB','256GB','Exynos 2400','6.7 inch AMOLED','4900mAh','50MP','Android 14','45W','4G LTE, WiFi 5, Bluetooth 5.0, USB-C, NFC'),(279,279,'12GB','512GB','Exynos 2400','6.7 inch AMOLED','4900mAh','50MP','Android 14','45W','4G LTE, WiFi 5, Bluetooth 5.0, USB-C, NFC'),(280,280,'12GB','1TB','Snapdragon 8 Gen 3','6.8 inch AMOLED','5000mAh','200MP','Android 14','45W','4G LTE, WiFi 5, Bluetooth 5.0, USB-C, NFC'),(281,281,'12GB','256GB','Snapdragon 8 Gen 3','6.8 inch AMOLED','5000mAh','200MP','Android 14','45W','4G LTE, WiFi 5, Bluetooth 5.0, USB-C, NFC'),(282,282,'12GB','512GB','Snapdragon 8 Gen 3','6.8 inch AMOLED','5000mAh','200MP','Android 14','45W','4G LTE, WiFi 5, Bluetooth 5.0, USB-C, NFC'),(283,283,'8GB','256GB','Exynos 2400e','6.7 inch AMOLED','4700mAh','50MP','Android 14','45W','5G, WiFi 6, Bluetooth 5.3, USB-C, NFC'),(284,284,'12GB','256GB','Snapdragon 8 Elite','6.2 inch AMOLED','4200mAh','50MP','Android 14','45W','4G LTE, WiFi 5, Bluetooth 5.0, USB-C, NFC'),(285,285,'12GB','512GB','Snapdragon 8 Elite','6.2 inch AMOLED','4200mAh','50MP','Android 14','45W','4G LTE, WiFi 5, Bluetooth 5.0, USB-C, NFC'),(286,286,'8GB','128GB','Exynos 2400e','6.7 inch AMOLED','4700mAh','50MP','Android 14','45W','4G LTE, WiFi 5, Bluetooth 5.0, USB-C, NFC'),(287,287,'8GB','512GB','Exynos 2400e','6.7 inch AMOLED','4700mAh','50MP','Android 14','45W','4G LTE, WiFi 5, Bluetooth 5.0, USB-C, NFC'),(288,288,'12GB','256GB','Snapdragon 8 Elite','6.7 inch AMOLED','4900mAh','50MP','Android 14','45W','4G LTE, WiFi 5, Bluetooth 5.0, USB-C, NFC'),(289,289,'12GB','512GB','Snapdragon 8 Elite','6.7 inch AMOLED','4900mAh','50MP','Android 14','45W','4G LTE, WiFi 5, Bluetooth 5.0, USB-C, NFC'),(290,290,'12GB','1TB','Snapdragon 8 Elite','6.8 inch AMOLED','5000mAh','200MP','Android 14','45W','4G LTE, WiFi 5, Bluetooth 5.0, USB-C, NFC'),(291,291,'12GB','256GB','Snapdragon 8 Elite','6.8 inch AMOLED','5000mAh','200MP','Android 14','45W','4G LTE, WiFi 5, Bluetooth 5.0, USB-C, NFC'),(292,292,'12GB','512GB','Snapdragon 8 Elite','6.8 inch AMOLED','5000mAh','200MP','Android 14','45W','4G LTE, WiFi 5, Bluetooth 5.0, USB-C, NFC'),(293,293,'12GB','256GB','Snapdragon 8 Elite 2','6.2 inch AMOLED','4300mAh','50MP','Android 15','45W','4G LTE, WiFi 5, Bluetooth 5.0, USB-C, NFC'),(294,294,'12GB','512GB','Snapdragon 8 Elite 2','6.2 inch AMOLED','4300mAh','50MP','Android 15','45W','4G LTE, WiFi 5, Bluetooth 5.0, USB-C, NFC'),(295,295,'12GB','256GB','Snapdragon 8 Elite 2','6.7 inch AMOLED','5000mAh','50MP','Android 15','45W','4G LTE, WiFi 5, Bluetooth 5.0, USB-C, NFC'),(296,296,'12GB','512GB','Snapdragon 8 Elite 2','6.7 inch AMOLED','5000mAh','50MP','Android 15','45W','4G LTE, WiFi 5, Bluetooth 5.0, USB-C, NFC'),(297,297,'12GB','256GB','Snapdragon 8 Elite 2','6.8 inch AMOLED','5100mAh','200MP','Android 15','45W','4G LTE, WiFi 5, Bluetooth 5.0, USB-C, NFC'),(298,298,'12GB','512GB','Snapdragon 8 Elite 2','6.8 inch AMOLED','5100mAh','200MP','Android 15','45W','4G LTE, WiFi 5, Bluetooth 5.0, USB-C, NFC'),(299,299,'16GB','1TB','Snapdragon 8 Elite 2','6.8 inch AMOLED','5100mAh','200MP','Android 15','45W','4G LTE, WiFi 5, Bluetooth 5.0, USB-C, NFC'),(300,300,'6GB','128GB','Snapdragon 778G','6.6 inch TFT 120Hz','4050mAh','50MP','Android 14','18W','4G LTE, WiFi 5, Bluetooth 5.0, USB-C'),(301,301,'12GB','256GB','Snapdragon 8 Gen 3','6.7 inch AMOLED 120Hz','4000mAh','50MP','Android 14','25W','4G LTE, WiFi 5, Bluetooth 5.0, USB-C, NFC'),(302,302,'12GB','256GB','Snapdragon 8 Elite','6.8 inch AMOLED 120Hz','4300mAh','50MP','Android 14','25W','4G LTE, WiFi 5, Bluetooth 5.0, USB-C, NFC'),(303,303,'12GB','512GB','Snapdragon 8 Elite','6.8 inch AMOLED 120Hz','4300mAh','50MP','Android 14','25W','4G LTE, WiFi 5, Bluetooth 5.0, USB-C, NFC'),(304,304,'12GB','256GB','Snapdragon 8 Gen 2','7.6 inch AMOLED 120Hz','4400mAh','50MP','Android 14','25W','4G LTE, WiFi 5, Bluetooth 5.0, USB-C, NFC'),(305,305,'12GB','256GB','Snapdragon 8 Gen 2','7.6 inch AMOLED 120Hz','4400mAh','50MP','Android 14','25W','4G LTE, WiFi 5, Bluetooth 5.0, USB-C, NFC'),(306,306,'12GB','512GB','Snapdragon 8 Gen 2','7.6 inch AMOLED 120Hz','4400mAh','50MP','Android 14','25W','4G LTE, WiFi 5, Bluetooth 5.0, USB-C, NFC'),(307,307,'12GB','512GB','Snapdragon 8 Gen 3','7.6 inch AMOLED 120Hz','4400mAh','50MP','Android 14','25W','4G LTE, WiFi 5, Bluetooth 5.0, USB-C, NFC'),(308,308,'12GB','256GB','Snapdragon 8 Elite','7.8 inch AMOLED 120Hz','4500mAh','50MP','Android 14','25W','4G LTE, WiFi 5, Bluetooth 5.0, USB-C, NFC'),(309,309,'12GB','512GB','Snapdragon 8 Elite','7.8 inch AMOLED 120Hz','4500mAh','50MP','Android 14','25W','4G LTE, WiFi 5, Bluetooth 5.0, USB-C, NFC'),(310,310,'12GB','256GB','Snapdragon 8 Elite','6.5 inch OLED 120Hz','5000mAh','48MP','Android 14','30W','4G LTE, WiFi 5, Bluetooth 5.0, USB-C, NFC'),(311,311,'8GB','128GB','Snapdragon 8 Gen 1','6.1 inch OLED 120Hz','5000mAh','12MP','Android 14','30W','4G LTE, WiFi 5, Bluetooth 5.0, USB-C, NFC'),(312,312,'8GB','128GB','Snapdragon 6 Gen 1','6.1 inch OLED','5000mAh','48MP','Android 14','30W','4G LTE, WiFi 5, Bluetooth 5.0, USB-C, NFC'),(313,313,'3GB','32GB','Snapdragon 650','4.6 inch IPS','2700mAh','23MP','Android 14','30W','4G LTE, WiFi 5, Bluetooth 5.0, USB-C, NFC'),(314,314,'8GB','128GB','Snapdragon 8 Gen 2','6.1 inch OLED 120Hz','5000mAh','48MP','Android 14','30W','4G LTE, WiFi 5, Bluetooth 5.0, USB-C'),(315,315,'6GB','128GB','Snapdragon 695','6.1 inch OLED','5000mAh','48MP','Android 14','30W','4G LTE, WiFi 5, Bluetooth 5.0, USB-C'),(316,316,'8GB','128GB','Helio G85','6.8 inch FHD+','5000mAh','64MP','Android 14','18W','4G LTE, WiFi 5, Bluetooth 5.0, USB-C'),(317,317,'8GB','512GB','Dimensity 8050','6.67 inch AMOLED 120Hz','5000mAh','50MP','Android 14','33W','4G LTE, WiFi 5, Bluetooth 5.0, USB-C'),(318,318,'8GB','256GB','Dimensity 8050','6.67 inch AMOLED 120Hz','5000mAh','64MP','Android 14','33W','5G, WiFi 6, Bluetooth 5.3, USB-C'),(319,319,'8GB','256GB','Helio G99','6.78 inch AMOLED 120Hz','5000mAh','50MP','Android 14','45W','4G LTE, WiFi 5, Bluetooth 5.0, USB-C'),(320,320,'12GB','256GB','Helio G99','6.78 inch AMOLED 120Hz','5000mAh','50MP','Android 14','45W','4G LTE, WiFi 5, Bluetooth 5.0, USB-C'),(321,321,'8GB','256GB','Helio G100','6.78 inch AMOLED 120Hz','5000mAh','50MP','Android 14','45W','4G LTE, WiFi 5, Bluetooth 5.0, USB-C'),(322,322,'8GB','128GB','Dimensity 7020','6.78 inch AMOLED 120Hz','5000mAh','50MP','Android 14','45W','4G LTE, WiFi 5, Bluetooth 5.0, USB-C'),(323,323,'8GB','256GB','Dimensity 7020','6.78 inch AMOLED 120Hz','5000mAh','50MP','Android 14','45W','4G LTE, WiFi 5, Bluetooth 5.0, USB-C'),(324,324,'8GB','256GB','Dimensity 7020','6.78 inch AMOLED 120Hz','5000mAh','50MP','Android 14','45W','4G LTE, WiFi 5, Bluetooth 5.0, USB-C'),(325,325,'4GB','64GB','Helio A22','6.0 inch HD+','4000mAh','8MP','Android 14','18W','4G LTE, WiFi 5, Bluetooth 5.0, USB-C'),(326,326,'8GB','256GB','Helio G99','6.78 inch AMOLED 120Hz','6000mAh','108MP','Android 14','45W','4G LTE, WiFi 5, Bluetooth 5.0, USB-C'),(327,327,'8GB','128GB','Helio G99','6.78 inch FHD+ 120Hz','7000mAh','50MP','Android 14','45W','4G LTE, WiFi 5, Bluetooth 5.0, USB-C'),(328,328,'8GB','128GB','Dimensity 7050','6.78 inch AMOLED 144Hz','6000mAh','108MP','Android 14','45W','4G LTE, WiFi 5, Bluetooth 5.0, USB-C'),(329,329,'8GB','256GB','Dimensity 7050','6.78 inch AMOLED 144Hz','6000mAh','108MP','Android 14','45W','4G LTE, WiFi 5, Bluetooth 5.0, USB-C'),(330,330,'8GB','128GB','Helio G100','6.78 inch AMOLED 120Hz','6000mAh','108MP','Android 15','45W','4G LTE, WiFi 5, Bluetooth 5.0, USB-C'),(331,331,'8GB','256GB','Helio G100','6.78 inch AMOLED 120Hz','6000mAh','108MP','Android 15','45W','4G LTE, WiFi 5, Bluetooth 5.0, USB-C'),(332,332,'8GB','128GB','Dimensity 7300','6.78 inch AMOLED cong 144Hz','5500mAh','64MP','Android 14','45W','5G, WiFi 6, Bluetooth 5.3, USB-C'),(333,333,'8GB','256GB','Dimensity 7300','6.78 inch AMOLED cong 144Hz','5500mAh','64MP','Android 14','45W','5G, WiFi 6, Bluetooth 5.3, USB-C'),(334,334,'8GB','256GB','Dimensity 6080','6.78 inch FHD+ 120Hz','6000mAh','50MP','Android 14','18W','5G, WiFi 6, Bluetooth 5.3, USB-C'),(335,335,'12GB','512GB','Dimensity 9000+','7.85 inch LTPO AMOLED','5000mAh','50MP','Android 14','18W','4G LTE, WiFi 5, Bluetooth 5.0, USB-C'),(336,336,'4GB','128GB','Helio G37','6.6 inch HD+','5000mAh','13MP','Android 14','18W','4G LTE, WiFi 5, Bluetooth 5.0, USB-C'),(337,337,'8GB','128GB','Helio G37','6.6 inch HD+','5000mAh','16MP','Android 14','18W','4G LTE, WiFi 5, Bluetooth 5.0, USB-C'),(338,338,'6GB','128GB','Dimensity 6300','6.78 inch FHD+ 120Hz','5000mAh','50MP','Android 14','33W','5G, WiFi 6, Bluetooth 5.3, USB-C'),(339,339,'8GB','256GB','Helio G100','6.78 inch AMOLED 120Hz','5000mAh','108MP','Android 14','33W','4G LTE, WiFi 5, Bluetooth 5.0, USB-C'),(340,340,'6GB','128GB','Helio G91','6.78 inch AMOLED 120Hz','5000mAh','50MP','Android 15','33W','4G LTE, WiFi 5, Bluetooth 5.0, USB-C'),(341,341,'8GB','256GB','Helio G91','6.78 inch AMOLED 120Hz','5000mAh','50MP','Android 15','33W','4G LTE, WiFi 5, Bluetooth 5.0, USB-C'),(342,342,'8GB','256GB','Helio G100','6.78 inch AMOLED cong 144Hz','5200mAh','108MP','Android 15','33W','4G LTE, WiFi 5, Bluetooth 5.0, USB-C'),(343,343,'4GB','128GB','Helio G81','6.67 inch HD+ 120Hz','5000mAh','50MP','Android 14','18W','4G LTE, WiFi 5, Bluetooth 5.0, USB-C'),(344,344,'4GB','128GB','Helio G81','6.78 inch FHD+ 120Hz','5000mAh','50MP','Android 14','18W','4G LTE, WiFi 5, Bluetooth 5.0, USB-C'),(345,345,'4GB','64GB','Unisoc T606','6.6 inch HD+','5000mAh','13MP','Android 14','18W','4G LTE, WiFi 5, Bluetooth 5.0, USB-C'),(346,346,'4GB','64GB','Unisoc T606','6.6 inch HD+','5000mAh','13MP','Android 14','18W','4G LTE, WiFi 5, Bluetooth 5.0, USB-C'),(347,347,'4GB','128GB','Unisoc T606','6.6 inch HD+','5000mAh','13MP','Android 14','18W','4G LTE, WiFi 5, Bluetooth 5.0, USB-C'),(348,348,'12GB','1TB','Snapdragon 8 Gen 4','6.8 inch AMOLED 120Hz','5000mAh','200MP','Android 15','18W','4G LTE, WiFi 5, Bluetooth 5.0, USB-C, NFC'),(349,349,'12GB','512GB','Snapdragon 8 Gen 4','6.8 inch AMOLED 120Hz','5000mAh','200MP','Android 15','18W','4G LTE, WiFi 5, Bluetooth 5.0, USB-C, NFC'),(350,350,'12GB','512GB','Snapdragon 7s Gen 2','6.67 inch AMOLED 120Hz','5100mAh','200MP','Android 14','18W','5G, WiFi 6, Bluetooth 5.3, USB-C'),(351,351,'12GB','256GB','Dimensity 8200','6.67 inch AMOLED 144Hz','5000mAh','64MP','Android 14','120W','4G LTE, WiFi 5, Bluetooth 5.0, USB-C'),(352,352,'12GB','512GB','Snapdragon 8 Gen 1','6.73 inch AMOLED 120Hz','4860mAh','50MP','Android 14','18W','4G LTE, WiFi 5, Bluetooth 5.0, USB-C'),(353,353,'8GB','128GB','Dimensity 8100 Ultra','6.67 inch AMOLED 120Hz','5000mAh','108MP','Android 14','18W','4G LTE, WiFi 5, Bluetooth 5.0, USB-C'),(354,354,'8GB','256GB','Snapdragon 7 Gen 1','6.55 inch AMOLED 120Hz','4500mAh','50MP','Android 14','18W','4G LTE, WiFi 5, Bluetooth 5.0, USB-C'),(355,355,'12GB','256GB','Snapdragon 8 Gen 2','6.73 inch AMOLED 120Hz','4820mAh','50MP','Android 14','67W','4G LTE, WiFi 5, Bluetooth 5.0, USB-C'),(356,356,'12GB','256GB','Dimensity 8200 Ultra','6.67 inch AMOLED 144Hz','5000mAh','50MP','Android 14','18W','4G LTE, WiFi 5, Bluetooth 5.0, USB-C'),(357,357,'12GB','256GB','Snapdragon 8 Gen 3','6.36 inch AMOLED 120Hz','4610mAh','50MP','Android 14','18W','4G LTE, WiFi 5, Bluetooth 5.0, USB-C, NFC'),(358,358,'16GB','512GB','Snapdragon 8 Gen 3','6.73 inch AMOLED 120Hz','5000mAh','50MP','Android 14','67W','5G, WiFi 6, Bluetooth 5.3, USB-C, NFC'),(359,359,'12GB','512GB','Snapdragon 8 Gen 3','6.73 inch AMOLED 120Hz','5000mAh','50MP','Android 14','67W','4G LTE, WiFi 5, Bluetooth 5.0, USB-C, NFC'),(360,360,'12GB','512GB','Dimensity 8300','6.67 inch AMOLED 144Hz','5000mAh','50MP','Android 14','18W','4G LTE, WiFi 5, Bluetooth 5.0, USB-C, NFC'),(361,361,'12GB','512GB','Dimensity 8300 Ultra','6.67 inch AMOLED 144Hz','5000mAh','50MP','Android 14','18W','4G LTE, WiFi 5, Bluetooth 5.0, USB-C, NFC'),(362,362,'12GB','256GB','Snapdragon 8 Gen 4','6.36 inch AMOLED 120Hz','4800mAh','50MP','Android 14','90W','5G, WiFi 6, Bluetooth 5.3, USB-C, NFC'),(363,363,'12GB','512GB','Snapdragon 8 Gen 4','6.36 inch AMOLED 120Hz','4800mAh','50MP','Android 14','90W','5G, WiFi 6, Bluetooth 5.3, USB-C, NFC'),(364,364,'16GB','1TB','Snapdragon 8 Gen 4','6.73 inch AMOLED 120Hz','5000mAh','200MP','Android 14','120W','5G, WiFi 6, Bluetooth 5.3, USB-C, NFC'),(365,365,'16GB','512GB','Snapdragon 8 Gen 4','6.73 inch AMOLED 120Hz','5000mAh','200MP','Android 14','120W','5G, WiFi 6, Bluetooth 5.3, USB-C, NFC'),(366,366,'12GB','512GB','Dimensity 8400','6.67 inch AMOLED 144Hz','5000mAh','50MP','Android 14','18W','5G, WiFi 6, Bluetooth 5.3, USB-C, NFC'),(367,367,'12GB','512GB','Dimensity 8400 Ultra','6.67 inch AMOLED 144Hz','5000mAh','50MP','Android 14','18W','5G, WiFi 6, Bluetooth 5.3, USB-C, NFC'),(368,368,'12GB','512GB','Snapdragon 8 Gen 4','6.36 inch AMOLED 120Hz','4800mAh','50MP','Android 15','90W','5G, WiFi 6, Bluetooth 5.3, USB-C, NFC'),(369,369,'12GB','256GB','Snapdragon 8 Gen 4','6.36 inch AMOLED 120Hz','4800mAh','50MP','Android 15','90W','5G, WiFi 6, Bluetooth 5.3, USB-C, NFC'),(370,370,'16GB','1TB','Snapdragon 8 Gen 4','6.73 inch AMOLED 120Hz','5000mAh','200MP','Android 15','120W','5G, WiFi 6, Bluetooth 5.3, USB-C, NFC'),(371,371,'16GB','512GB','Snapdragon 8 Gen 4','6.73 inch AMOLED 120Hz','5000mAh','200MP','Android 15','120W','5G, WiFi 6, Bluetooth 5.3, USB-C, NFC'),(372,372,'8GB','256GB','Snapdragon 870','6.67 inch AMOLED 120Hz','4500mAh','64MP','Android 14','67W','4G LTE, WiFi 5, Bluetooth 5.0, USB-C, NFC'),(373,373,'12GB','256GB','Dimensity 9300','6.67 inch AMOLED 144Hz','5000mAh','50MP','Android 14','67W','5G, WiFi 6, Bluetooth 5.3, USB-C, NFC'),(374,374,'6GB','128GB','Helio G99','6.79 inch IPS','5000mAh','50MP','Android 14','18W','4G LTE, WiFi 5, Bluetooth 5.0, USB-C'),(375,375,'8GB','256GB','Dimensity 8300 Ultra','6.67 inch AMOLED 144Hz','5000mAh','64MP','Android 14','18W','5G, WiFi 6, Bluetooth 5.3, USB-C'),(376,376,'12GB','512GB','Dimensity 8400','6.67 inch AMOLED 144Hz','5000mAh','64MP','Android 14','18W','5G, WiFi 6, Bluetooth 5.3, USB-C'),(377,377,'12GB','256GB','Dimensity 8400 Ultra','6.67 inch AMOLED 144Hz','5000mAh','64MP','Android 14','18W','5G, WiFi 6, Bluetooth 5.3, USB-C, NFC'),(378,378,'4GB','64GB','Helio G25','6.53 inch HD+','5000mAh','50MP','Android 14','18W','4G LTE, WiFi 5, Bluetooth 5.0, USB-C'),(379,379,'8GB','256GB','Dimensity 6100+','6.74 inch 90Hz','5000mAh','50MP','Android 14','18W','5G, WiFi 6, Bluetooth 5.3, USB-C'),(380,380,'4GB','128GB','Helio G81','6.88 inch HD+','5160mAh','50MP','Android 14','18W','4G LTE, WiFi 5, Bluetooth 5.0, USB-C, NFC'),(381,381,'8GB','256GB','Helio G81','6.88 inch HD+','5160mAh','50MP','Android 14','18W','4G LTE, WiFi 5, Bluetooth 5.0, USB-C, NFC'),(382,382,'4GB','128GB','Snapdragon 4s Gen 2','6.88 inch HD+ 120Hz','5160mAh','50MP','Android 14','18W','4G LTE, WiFi 5, Bluetooth 5.0, USB-C'),(383,383,'4GB','128GB','Helio G36','6.74 inch HD+','5000mAh','13MP','Android 14','18W','4G LTE, WiFi 5, Bluetooth 5.0, USB-C'),(384,384,'4GB','64GB','Helio G36','6.74 inch HD+','5000mAh','50MP','Android 14','18W','4G LTE, WiFi 5, Bluetooth 5.0, USB-C'),(385,385,'4GB','128GB','Helio G36','6.74 inch HD+','5000mAh','50MP','Android 14','18W','4G LTE, WiFi 5, Bluetooth 5.0, USB-C'),(386,386,'6GB','128GB','Snapdragon 720G','6.67 inch FHD+','5020mAh','64MP','Android 14','33W','4G LTE, WiFi 5, Bluetooth 5.0, USB-C'),(387,387,'4GB','128GB','Snapdragon 685','6.67 inch AMOLED 120Hz','5000mAh','50MP','Android 14','33W','4G LTE, WiFi 5, Bluetooth 5.0, USB-C'),(388,388,'8GB','128GB','Snapdragon 685','6.67 inch AMOLED 120Hz','5000mAh','50MP','Android 14','33W','4G LTE, WiFi 5, Bluetooth 5.0, USB-C'),(389,389,'8GB','256GB','Helio G99','6.67 inch AMOLED 120Hz','5000mAh','108MP','Android 14','33W','4G LTE, WiFi 5, Bluetooth 5.0, USB-C'),(390,390,'8GB','256GB','Dimensity 1080','6.67 inch AMOLED 120Hz','5000mAh','50MP','Android 14','33W','5G, WiFi 6, Bluetooth 5.3, USB-C'),(391,391,'6GB','128GB','Snapdragon 685','6.67 inch AMOLED 120Hz','5000mAh','108MP','Android 14','33W','4G LTE, WiFi 5, Bluetooth 5.0, USB-C'),(392,392,'8GB','256GB','Snapdragon 685','6.67 inch AMOLED 120Hz','5000mAh','108MP','Android 14','33W','4G LTE, WiFi 5, Bluetooth 5.0, USB-C'),(393,393,'12GB','256GB','Snapdragon 685','6.67 inch AMOLED 120Hz','5000mAh','108MP','Android 14','33W','4G LTE, WiFi 5, Bluetooth 5.0, USB-C'),(394,394,'8GB','128GB','Helio G99','6.67 inch AMOLED 120Hz','5000mAh','200MP','Android 14','33W','4G LTE, WiFi 5, Bluetooth 5.0, USB-C'),(395,395,'8GB','256GB','Snapdragon 7s Gen 2','6.67 inch AMOLED 120Hz','5100mAh','200MP','Android 14','33W','5G, WiFi 6, Bluetooth 5.3, USB-C'),(396,396,'8GB','256GB','Snapdragon 7s Gen 2','6.67 inch AMOLED 120Hz','5100mAh','200MP','Android 14','33W','5G, WiFi 6, Bluetooth 5.3, USB-C'),(397,397,'8GB','256GB','Helio G99','6.67 inch AMOLED 120Hz','5000mAh','200MP','Android 14','33W','4G LTE, WiFi 5, Bluetooth 5.0, USB-C'),(398,398,'8GB','256GB','Helio G99','6.67 inch AMOLED 120Hz','5000mAh','200MP','Android 14','33W','4G LTE, WiFi 5, Bluetooth 5.0, USB-C'),(399,399,'8GB','256GB','Dimensity 7200 Ultra','6.67 inch AMOLED cong 120Hz','5000mAh','200MP','Android 14','33W','5G, WiFi 6, Bluetooth 5.3, USB-C'),(400,400,'8GB','256GB','Dimensity 7025 Ultra','6.67 inch AMOLED 120Hz','5110mAh','108MP','Android 14','45W','5G, WiFi 6, Bluetooth 5.3, USB-C'),(401,401,'6GB','128GB','Dimensity 7025 Ultra','6.67 inch AMOLED 120Hz','5110mAh','108MP','Android 14','45W','4G LTE, WiFi 5, Bluetooth 5.0, USB-C'),(402,402,'8GB','256GB','Snapdragon 7s Gen 3','6.67 inch AMOLED 120Hz','5500mAh','200MP','Android 14','45W','5G, WiFi 6, Bluetooth 5.3, USB-C'),(403,403,'8GB','256GB','Snapdragon 7s Gen 3','6.67 inch AMOLED cong 120Hz','5500mAh','200MP','Android 14','45W','5G, WiFi 6, Bluetooth 5.3, USB-C'),(404,404,'8GB','256GB','Snapdragon 7s Gen 3','6.67 inch AMOLED 120Hz','5500mAh','200MP','Android 14','45W','4G LTE, WiFi 5, Bluetooth 5.0, USB-C'),(405,405,'6GB','128GB','Dimensity 6300','6.67 inch AMOLED 120Hz','5110mAh','108MP','Android 15','45W','5G, WiFi 6, Bluetooth 5.3, USB-C'),(406,406,'6GB','128GB','Helio G100','6.67 inch AMOLED 120Hz','5110mAh','108MP','Android 15','45W','4G LTE, WiFi 5, Bluetooth 5.0, USB-C'),(407,407,'12GB','256GB','Dimensity 7300 Ultra','6.67 inch AMOLED 120Hz','5500mAh','200MP','Android 15','45W','5G, WiFi 6, Bluetooth 5.3, USB-C'),(408,408,'12GB','256GB','Helio G100','6.67 inch AMOLED 120Hz','5500mAh','200MP','Android 15','45W','4G LTE, WiFi 5, Bluetooth 5.0, USB-C'),(409,416,'16GB','512GB','Apple A20','7.5 inch','5000mAh','108MP + 108MP + 108MP','IOS 20','55W','5G,WiFI 7'),(410,417,'16GB','312GB','S50','OLED','5000','321312','20','50','5G');
/*!40000 ALTER TABLE `ProductDetail` ENABLE KEYS */;
UNLOCK TABLES;

--
-- Table structure for table `ProductImage`
--

DROP TABLE IF EXISTS `ProductImage`;
/*!40101 SET @saved_cs_client     = @@character_set_client */;
/*!50503 SET character_set_client = utf8mb4 */;
CREATE TABLE `ProductImage` (
  `ImageID` int NOT NULL AUTO_INCREMENT,
  `ProductID` int NOT NULL,
  `ImageUrl` varchar(255) COLLATE utf8mb4_unicode_ci NOT NULL,
  PRIMARY KEY (`ImageID`),
  KEY `fk_ProductImage_ProductID_20` (`ProductID`),
  CONSTRAINT `fk_ProductImage_ProductID_20` FOREIGN KEY (`ProductID`) REFERENCES `Product` (`ProductID`) ON DELETE CASCADE
) ENGINE=InnoDB DEFAULT CHARSET=utf8mb4 COLLATE=utf8mb4_unicode_ci;
/*!40101 SET character_set_client = @saved_cs_client */;

--
-- Dumping data for table `ProductImage`
--

LOCK TABLES `ProductImage` WRITE;
/*!40000 ALTER TABLE `ProductImage` DISABLE KEYS */;
/*!40000 ALTER TABLE `ProductImage` ENABLE KEYS */;
UNLOCK TABLES;

--
-- Table structure for table `Role`
--

DROP TABLE IF EXISTS `Role`;
/*!40101 SET @saved_cs_client     = @@character_set_client */;
/*!50503 SET character_set_client = utf8mb4 */;
CREATE TABLE `Role` (
  `RoleID` int NOT NULL AUTO_INCREMENT,
  `RoleName` varchar(50) COLLATE utf8mb4_unicode_ci NOT NULL,
  PRIMARY KEY (`RoleID`)
) ENGINE=InnoDB AUTO_INCREMENT=3 DEFAULT CHARSET=utf8mb4 COLLATE=utf8mb4_unicode_ci;
/*!40101 SET character_set_client = @saved_cs_client */;

--
-- Dumping data for table `Role`
--

LOCK TABLES `Role` WRITE;
/*!40000 ALTER TABLE `Role` DISABLE KEYS */;
INSERT INTO `Role` VALUES (1,'ADMIN'),(2,'USER');
/*!40000 ALTER TABLE `Role` ENABLE KEYS */;
UNLOCK TABLES;

--
-- Table structure for table `Supplier`
--

DROP TABLE IF EXISTS `Supplier`;
/*!40101 SET @saved_cs_client     = @@character_set_client */;
/*!50503 SET character_set_client = utf8mb4 */;
CREATE TABLE `Supplier` (
  `SupplierID` int NOT NULL AUTO_INCREMENT,
  `Name` varchar(100) COLLATE utf8mb4_unicode_ci NOT NULL,
  `Phone` varchar(20) COLLATE utf8mb4_unicode_ci DEFAULT NULL,
  `Address` varchar(255) COLLATE utf8mb4_unicode_ci DEFAULT NULL,
  `Email` varchar(100) COLLATE utf8mb4_unicode_ci DEFAULT NULL,
  `Status` varchar(20) COLLATE utf8mb4_unicode_ci NOT NULL DEFAULT 'ACTIVE',
  `CreatedDate` datetime NOT NULL DEFAULT CURRENT_TIMESTAMP,
  `UpdatedDate` datetime DEFAULT NULL,
  PRIMARY KEY (`SupplierID`)
) ENGINE=InnoDB AUTO_INCREMENT=7 DEFAULT CHARSET=utf8mb4 COLLATE=utf8mb4_unicode_ci;
/*!40101 SET character_set_client = @saved_cs_client */;

--
-- Dumping data for table `Supplier`
--

LOCK TABLES `Supplier` WRITE;
/*!40000 ALTER TABLE `Supplier` DISABLE KEYS */;
INSERT INTO `Supplier` VALUES (1,'FPT Shop','1800 6601','261 Cách Mạng Tháng 8, Phường 10, Quận 3, TP. Hồ Chí Minh','fptshop@gmail.com','ACTIVE','2026-05-15 16:18:31','2026-05-15 17:15:02'),(2,'Thế Giới Di Động','1800 1060','191 Điện Biên Phủ, Phường 6, Quận 3, TP. Hồ Chí Minh','thegioididong@gmail.com','ACTIVE','2026-05-15 16:18:31','2026-05-15 17:15:11'),(3,'CellphoneS','1800 2097','350-352 Võ Văn Kiệt, Phường Cầu Ông Lãnh, Quận 1, TP. Hồ Chí Minh','cellphones@gmail.com','ACTIVE','2026-05-15 16:18:31','2026-05-15 17:15:23'),(4,'Hoàng Hà Mobile','1900 2091','194 Lê Duẩn, Phường Văn Miếu - Quốc Tử Giám, Hà Nội','hoangha@gmail.com','ACTIVE','2026-05-15 16:18:31','2026-05-15 17:15:31'),(5,'Apple Store Việt Nam','0912321321','Quận 1, TP.HCM','applestore@gmail.com','ACTIVE','2026-05-15 16:45:59','2026-05-15 17:37:06'),(6,'Samsung Store Việt Nam','032131321','Thủ Đức,TP Hồ Chí Minh','samsung1@gmail.com','ACTIVE','2026-05-15 17:16:59','2026-05-18 23:11:42');
/*!40000 ALTER TABLE `Supplier` ENABLE KEYS */;
UNLOCK TABLES;

--
-- Table structure for table `User`
--

DROP TABLE IF EXISTS `User`;
/*!40101 SET @saved_cs_client     = @@character_set_client */;
/*!50503 SET character_set_client = utf8mb4 */;
CREATE TABLE `User` (
  `UserID` int NOT NULL AUTO_INCREMENT,
  `Username` varchar(50) COLLATE utf8mb4_unicode_ci NOT NULL,
  `Password` varchar(255) COLLATE utf8mb4_unicode_ci NOT NULL,
  `FullName` varchar(100) COLLATE utf8mb4_unicode_ci NOT NULL,
  `Email` varchar(100) COLLATE utf8mb4_unicode_ci NOT NULL,
  `Phone` varchar(20) COLLATE utf8mb4_unicode_ci DEFAULT NULL,
  `RoleID` int NOT NULL,
  `LevelID` int DEFAULT NULL,
  `TotalSpent` decimal(18,0) DEFAULT '0',
  `Status` tinyint(1) DEFAULT '1',
  `CreatedDate` datetime DEFAULT CURRENT_TIMESTAMP,
  `Gender` varchar(20) COLLATE utf8mb4_unicode_ci DEFAULT NULL,
  `BirthDate` date DEFAULT NULL,
  `Address` varchar(255) COLLATE utf8mb4_unicode_ci DEFAULT NULL,
  `IsDeleted` tinyint(1) NOT NULL DEFAULT '0',
  PRIMARY KEY (`UserID`),
  KEY `fk_User_LevelID_21` (`LevelID`),
  KEY `fk_User_RoleID_22` (`RoleID`),
  CONSTRAINT `fk_User_LevelID_21` FOREIGN KEY (`LevelID`) REFERENCES `MembershipLevel` (`LevelID`),
  CONSTRAINT `fk_User_RoleID_22` FOREIGN KEY (`RoleID`) REFERENCES `Role` (`RoleID`)
) ENGINE=InnoDB AUTO_INCREMENT=28 DEFAULT CHARSET=utf8mb4 COLLATE=utf8mb4_unicode_ci;
/*!40101 SET character_set_client = @saved_cs_client */;

--
-- Dumping data for table `User`
--

LOCK TABLES `User` WRITE;
/*!40000 ALTER TABLE `User` DISABLE KEYS */;
INSERT INTO `User` VALUES (2,'MinhBeo','$2a$10$eKiDebTDG1Oq.SCycGBk/uEJhRSZURGjoPryNV3J74W/Jnr.BZrVu','Lữ Quang Minh ','minhupdated@gmail.com','0900000000',2,10,154970000,0,'2026-04-05 15:57:36',NULL,NULL,NULL,1),(3,'Bobao','$2a$10$7SK1SSrVRHEjNzkJVXFEiexltC2dRwvUaSiFsxm2GgeaQKtND.lV.','Bo chu ngo','bobao@gmail.com','0123456789',2,1,0,0,'2026-04-05 15:58:31',NULL,NULL,NULL,1),(4,'khiemngu','$2a$10$IMGkNiQTozlmltyIUJwmBerrtHMjO0HXmlI0Ski4JwH7LBN1n.XL2','Khiem lo vuongdsadasd','khiemngu@gmail.com','0586717119',2,2,44990000,0,'2026-04-05 15:58:57','Nam','1321-03-21','321312321',1),(5,'admin','$2a$10$iGJmazAWj/XFr39UTbwddOo2in4UkXAtpB.d6gd9slFf.9zB/7XNC','Admin','admin@gmail.com','0123456789',1,1,0,1,'2026-04-07 21:13:31',NULL,NULL,NULL,0),(6,'NgToan1','$2a$10$1igcMvvOFmY3dA8WqPvbkOMKDk9npCpUDnAdBtWsvRa0QcwUAhIx2','NgToan','ngtoan1@gmail.com','0123456789',1,1,0,0,'2026-04-07 21:14:24',NULL,NULL,NULL,1),(7,'NgToan3','$2a$10$Ojtgf7NzJmUWhBpQrhQqSOySgPsbKo6OrqMgoR0WYAy.cWcURTstG','NgToana','ngtoan3@gmail.com','05876321',1,1,0,0,'2026-04-08 22:10:38',NULL,NULL,NULL,1),(8,'NgToan6','$2a$10$oPN7vFJLsIAFFIrUgaN1je06PqOoLAEwODTeMkHFN.CdFyOaSZZqO','NgToanaa','ngtoan5@gmail.com','03213213',2,1,0,0,'2026-04-08 22:24:58',NULL,NULL,NULL,1),(10,'KhiemOcCho','$2a$10$XogCzAhX8SLUzyXr8W3zuun2iEemM6sdfZUfw5m8hUCH3.csuYe2q','KhiemNgu','dsadsdrdrdra3@gmail.com','0586717119',2,10,189141000,0,'2026-04-22 21:33:20','Nữ','2006-08-09','dsadsa',1),(11,'NgocToann','$2a$10$ZDVoY8BXDLNdTSx7GZruWOncS46Q9fv9VH7ntDx35J6rAl39FyM6m','Toann','fdsfdsfds@gmail.com','1231231231',2,1,0,0,'2026-05-05 16:37:45',NULL,NULL,NULL,1),(14,'bungo123','$2a$10$wFUgBqPfUIpqEz3dAcAYhuGftLmv3pFB7mvUoU.vtgkMSl/0xK8x6','BuNgo','ngtoan8906@gmail.com','0321321332',2,1,0,1,'2026-05-08 20:21:04','Nam','2006-02-01','Long An',0),(15,'ngoctoanlapro@gmail.com','57e98163-f546-409d-a94e-ba05f8b5873b','Ngọc Toàn','ngoctoanlapro@gmail.com','0786208863',2,2,27990000,1,'2026-05-16 20:14:16','Nam','2006-08-09','453/5/20 Tam Phú, Thủ Đức, TP HCM',0),(16,'6551071086@st.utc2.edu.vn','1ac2959d-54df-4aaf-9873-ad9ab25e98ef','Bố m là nhà vua','6551071086@st.utc2.edu.vndsa','0786208863',1,10,137960000,0,'2026-05-16 20:32:11','Nam','2006-08-09','453/5/20',1),(22,'khiemKhon','$2a$10$PM/.eNcZDc6yULDaYe/aZeR7GUymFLhx4l8wILSh0pRMXOd5XaVge','Khiem','6551071086@st.utc2.edu.vn','0586717119',2,1,0,0,'2026-05-19 01:15:44',NULL,NULL,NULL,1),(23,'nguyenanhdz987@gmail.com','0732d3a9-d383-46d8-a445-3084ecfc9a77','Hung Nguyen','nguyenanhdz987@gmail.com','Chưa cập nhật',2,1,0,1,'2026-05-20 00:09:06',NULL,NULL,NULL,0),(24,'phamtrunghieu20062004@gmail.com','d8f3153d-981e-4943-9db7-2e2b41573748','Hiếu Phạm Trung','phamtrunghieu20062004@gmail.com','Chưa cập nhật',2,2,35990000,1,'2026-05-20 10:15:16',NULL,NULL,NULL,0),(25,'phamhieunghia2006@gmail.com','3b4d9eab-70aa-4dab-ba53-fff89fab9431','Hieu Pham','phamhieunghia2006@gmail.com','Chưa cập nhật',2,1,0,1,'2026-05-20 10:25:34',NULL,NULL,NULL,0),(26,'ajk50250@gmail.com','58ea23a2-6d5d-4030-bd1e-a4aef5ab29fa','Nguyễn Khiêm','ajk50250@gmail.com','Chưa cập nhật',2,1,0,1,'2026-05-21 19:04:46',NULL,NULL,NULL,0),(27,'bobao123','$2a$10$7Ac44dLUuh/L1Iv52k1D0ura16qM702zBneQOaMyjnghOSGBMebGS','Bo Bao','ngoctoanlapro1@gmail.com','0321321321',2,1,0,1,'2026-05-22 11:43:49',NULL,NULL,NULL,0);
/*!40000 ALTER TABLE `User` ENABLE KEYS */;
UNLOCK TABLES;
/*!40103 SET TIME_ZONE=@OLD_TIME_ZONE */;

DROP TABLE IF EXISTS `chatmessage`;
DROP TABLE IF EXISTS `chatroom`;

CREATE TABLE `chatroom` (
  `RoomID` int NOT NULL AUTO_INCREMENT,
  `UserID` int NOT NULL,
  `CreatedDate` datetime DEFAULT CURRENT_TIMESTAMP,
  `UpdatedDate` datetime DEFAULT CURRENT_TIMESTAMP ON UPDATE CURRENT_TIMESTAMP,
  PRIMARY KEY (`RoomID`),
  UNIQUE KEY `UQ_ChatRoom_User` (`UserID`),
  CONSTRAINT `FK_ChatRoom_User` FOREIGN KEY (`UserID`) REFERENCES `User` (`UserID`)
) ENGINE=InnoDB DEFAULT CHARSET=utf8mb4 COLLATE=utf8mb4_unicode_ci;

CREATE TABLE `chatmessage` (
  `MessageID` bigint NOT NULL AUTO_INCREMENT,
  `RoomID` int NOT NULL,
  `SenderID` int NOT NULL,
  `Message` text NOT NULL,
  `IsRead` tinyint(1) NOT NULL DEFAULT '0',
  `CreatedDate` datetime DEFAULT CURRENT_TIMESTAMP,
  PRIMARY KEY (`MessageID`),
  KEY `FK_ChatMessage_Room` (`RoomID`),
  KEY `FK_ChatMessage_Sender` (`SenderID`),
  CONSTRAINT `FK_ChatMessage_Room` FOREIGN KEY (`RoomID`) REFERENCES `chatroom` (`RoomID`),
  CONSTRAINT `FK_ChatMessage_Sender` FOREIGN KEY (`SenderID`) REFERENCES `User` (`UserID`)
) ENGINE=InnoDB DEFAULT CHARSET=utf8mb4 COLLATE=utf8mb4_unicode_ci;

/*!40101 SET SQL_MODE=@OLD_SQL_MODE */;
/*!40014 SET FOREIGN_KEY_CHECKS=@OLD_FOREIGN_KEY_CHECKS */;
/*!40014 SET UNIQUE_CHECKS=@OLD_UNIQUE_CHECKS */;
/*!40101 SET CHARACTER_SET_CLIENT=@OLD_CHARACTER_SET_CLIENT */;
/*!40101 SET CHARACTER_SET_RESULTS=@OLD_CHARACTER_SET_RESULTS */;
/*!40101 SET COLLATION_CONNECTION=@OLD_COLLATION_CONNECTION */;
/*!40111 SET SQL_NOTES=@OLD_SQL_NOTES */;

-- Dump completed on 2026-05-23 12:53:41
